,name,url
0,港台东南亚明星,/f/index/forumpark?cn=%E6%B8%AF%E5%8F%B0%E4%B8%9C%E5%8D%97%E4%BA%9A%E6%98%8E%E6%98%9F&ci=0&pcn=%E5%A8%B1%E4%B9%90%E6%98%8E%E6%98%9F&pci=0&ct=1
1,内地明星,/f/index/forumpark?cn=%E5%86%85%E5%9C%B0%E6%98%8E%E6%98%9F&ci=0&pcn=%E5%A8%B1%E4%B9%90%E6%98%8E%E6%98%9F&pci=0&ct=1
2,韩国明星,/f/index/forumpark?cn=%E9%9F%A9%E5%9B%BD%E6%98%8E%E6%98%9F&ci=0&pcn=%E5%A8%B1%E4%B9%90%E6%98%8E%E6%98%9F&pci=0&ct=1
3,日本明星,/f/index/forumpark?cn=%E6%97%A5%E6%9C%AC%E6%98%8E%E6%98%9F&ci=0&pcn=%E5%A8%B1%E4%B9%90%E6%98%8E%E6%98%9F&pci=0&ct=1
4,时尚人物,/f/index/forumpark?cn=%E6%97%B6%E5%B0%9A%E4%BA%BA%E7%89%A9&ci=0&pcn=%E5%A8%B1%E4%B9%90%E6%98%8E%E6%98%9F&pci=0&ct=1
5,欧美明星,/f/index/forumpark?cn=%E6%AC%A7%E7%BE%8E%E6%98%8E%E6%98%9F&ci=0&pcn=%E5%A8%B1%E4%B9%90%E6%98%8E%E6%98%9F&pci=0&ct=1
6,主持人,/f/index/forumpark?cn=%E4%B8%BB%E6%8C%81%E4%BA%BA&ci=0&pcn=%E5%A8%B1%E4%B9%90%E6%98%8E%E6%98%9F&pci=0&ct=1
7,其他娱乐明星,/f/index/forumpark?cn=%E5%85%B6%E4%BB%96%E5%A8%B1%E4%B9%90%E6%98%8E%E6%98%9F&ci=0&pcn=%E5%A8%B1%E4%B9%90%E6%98%8E%E6%98%9F&pci=0&ct=1
8,娱乐明星话题,/f/index/forumpark?cn=%E5%A8%B1%E4%B9%90%E6%98%8E%E6%98%9F%E8%AF%9D%E9%A2%98&ci=0&pcn=%E5%A8%B1%E4%B9%90%E6%98%8E%E6%98%9F&pci=0&ct=1
9,导演,/f/index/forumpark?cn=%E5%AF%BC%E6%BC%94&ci=0&pcn=%E5%A8%B1%E4%B9%90%E6%98%8E%E6%98%9F&pci=0&ct=1
10,戏曲曲艺明星,/f/index/forumpark?cn=%E6%88%8F%E6%9B%B2%E6%9B%B2%E8%89%BA%E6%98%8E%E6%98%9F&ci=0&pcn=%E5%A8%B1%E4%B9%90%E6%98%8E%E6%98%9F&pci=0&ct=1
11,2012中国好声音,/f/index/forumpark?cn=2012%E4%B8%AD%E5%9B%BD%E5%A5%BD%E5%A3%B0%E9%9F%B3&ci=0&pcn=%E5%A8%B1%E4%B9%90%E6%98%8E%E6%98%9F&pci=0&ct=1
12,音乐制作人,/f/index/forumpark?cn=%E9%9F%B3%E4%B9%90%E5%88%B6%E4%BD%9C%E4%BA%BA&ci=0&pcn=%E5%A8%B1%E4%B9%90%E6%98%8E%E6%98%9F&pci=0&ct=1
13,其他粉丝组织,/f/index/forumpark?cn=%E5%85%B6%E4%BB%96%E7%B2%89%E4%B8%9D%E7%BB%84%E7%BB%87&ci=0&pcn=%E5%A8%B1%E4%B9%90%E6%98%8E%E6%98%9F&pci=0&ct=1
14,明星官方吧,/f/index/forumpark?cn=%E6%98%8E%E6%98%9F%E5%AE%98%E6%96%B9%E5%90%A7&ci=0&pcn=%E5%A8%B1%E4%B9%90%E6%98%8E%E6%98%9F&pci=0&ct=1
15,网络名人,/f/index/forumpark?cn=%E7%BD%91%E7%BB%9C%E5%90%8D%E4%BA%BA&ci=0&pcn=%E5%A8%B1%E4%B9%90%E6%98%8E%E6%98%9F&pci=0&ct=1
16,内地综艺,/f/index/forumpark?cn=%E5%86%85%E5%9C%B0%E7%BB%BC%E8%89%BA&ci=0&pcn=%E7%94%B5%E8%A7%86%E8%8A%82%E7%9B%AE&pci=0&ct=1
17,台湾综艺,/f/index/forumpark?cn=%E5%8F%B0%E6%B9%BE%E7%BB%BC%E8%89%BA&ci=0&pcn=%E7%94%B5%E8%A7%86%E8%8A%82%E7%9B%AE&pci=0&ct=1
18,韩国综艺,/f/index/forumpark?cn=%E9%9F%A9%E5%9B%BD%E7%BB%BC%E8%89%BA&ci=0&pcn=%E7%94%B5%E8%A7%86%E8%8A%82%E7%9B%AE&pci=0&ct=1
19,时尚·生活服务,/f/index/forumpark?cn=%E6%97%B6%E5%B0%9A%C2%B7%E7%94%9F%E6%B4%BB%E6%9C%8D%E5%8A%A1&ci=0&pcn=%E7%94%B5%E8%A7%86%E8%8A%82%E7%9B%AE&pci=0&ct=1
20,体育运动·健身,/f/index/forumpark?cn=%E4%BD%93%E8%82%B2%E8%BF%90%E5%8A%A8%C2%B7%E5%81%A5%E8%BA%AB&ci=0&pcn=%E7%94%B5%E8%A7%86%E8%8A%82%E7%9B%AE&pci=0&ct=1
21,财经·职场,/f/index/forumpark?cn=%E8%B4%A2%E7%BB%8F%C2%B7%E8%81%8C%E5%9C%BA&ci=0&pcn=%E7%94%B5%E8%A7%86%E8%8A%82%E7%9B%AE&pci=0&ct=1
22,新闻资讯,/f/index/forumpark?cn=%E6%96%B0%E9%97%BB%E8%B5%84%E8%AE%AF&ci=0&pcn=%E7%94%B5%E8%A7%86%E8%8A%82%E7%9B%AE&pci=0&ct=1
23,电视台及频道,/f/index/forumpark?cn=%E7%94%B5%E8%A7%86%E5%8F%B0%E5%8F%8A%E9%A2%91%E9%81%93&ci=0&pcn=%E7%94%B5%E8%A7%86%E8%8A%82%E7%9B%AE&pci=0&ct=1
24,音乐·文艺,/f/index/forumpark?cn=%E9%9F%B3%E4%B9%90%C2%B7%E6%96%87%E8%89%BA&ci=0&pcn=%E7%94%B5%E8%A7%86%E8%8A%82%E7%9B%AE&pci=0&ct=1
25,其他节目及话题,/f/index/forumpark?cn=%E5%85%B6%E4%BB%96%E8%8A%82%E7%9B%AE%E5%8F%8A%E8%AF%9D%E9%A2%98&ci=0&pcn=%E7%94%B5%E8%A7%86%E8%8A%82%E7%9B%AE&pci=0&ct=1
26,科教记录·社会与法,/f/index/forumpark?cn=%E7%A7%91%E6%95%99%E8%AE%B0%E5%BD%95%C2%B7%E7%A4%BE%E4%BC%9A%E4%B8%8E%E6%B3%95&ci=0&pcn=%E7%94%B5%E8%A7%86%E8%8A%82%E7%9B%AE&pci=0&ct=1
27,少儿·教育,/f/index/forumpark?cn=%E5%B0%91%E5%84%BF%C2%B7%E6%95%99%E8%82%B2&ci=0&pcn=%E7%94%B5%E8%A7%86%E8%8A%82%E7%9B%AE&pci=0&ct=1
28,广播电台,/f/index/forumpark?cn=%E5%B9%BF%E6%92%AD%E7%94%B5%E5%8F%B0&ci=0&pcn=%E7%94%B5%E8%A7%86%E8%8A%82%E7%9B%AE&pci=0&ct=1
29,韩国电视剧,/f/index/forumpark?cn=%E9%9F%A9%E5%9B%BD%E7%94%B5%E8%A7%86%E5%89%A7&ci=0&pcn=%E7%94%B5%E8%A7%86%E5%89%A7&pci=0&ct=1
30,香港电视剧,/f/index/forumpark?cn=%E9%A6%99%E6%B8%AF%E7%94%B5%E8%A7%86%E5%89%A7&ci=0&pcn=%E7%94%B5%E8%A7%86%E5%89%A7&pci=0&ct=1
31,美剧,/f/index/forumpark?cn=%E7%BE%8E%E5%89%A7&ci=0&pcn=%E7%94%B5%E8%A7%86%E5%89%A7&pci=0&ct=1
32,日本电视剧,/f/index/forumpark?cn=%E6%97%A5%E6%9C%AC%E7%94%B5%E8%A7%86%E5%89%A7&ci=0&pcn=%E7%94%B5%E8%A7%86%E5%89%A7&pci=0&ct=1
33,内地电视剧,/f/index/forumpark?cn=%E5%86%85%E5%9C%B0%E7%94%B5%E8%A7%86%E5%89%A7&ci=0&pcn=%E7%94%B5%E8%A7%86%E5%89%A7&pci=0&ct=1
34,台湾电视剧,/f/index/forumpark?cn=%E5%8F%B0%E6%B9%BE%E7%94%B5%E8%A7%86%E5%89%A7&ci=0&pcn=%E7%94%B5%E8%A7%86%E5%89%A7&pci=0&ct=1
35,东南亚电视剧,/f/index/forumpark?cn=%E4%B8%9C%E5%8D%97%E4%BA%9A%E7%94%B5%E8%A7%86%E5%89%A7&ci=0&pcn=%E7%94%B5%E8%A7%86%E5%89%A7&pci=0&ct=1
36,其他地区电视剧,/f/index/forumpark?cn=%E5%85%B6%E4%BB%96%E5%9C%B0%E5%8C%BA%E7%94%B5%E8%A7%86%E5%89%A7&ci=0&pcn=%E7%94%B5%E8%A7%86%E5%89%A7&pci=0&ct=1
37,电视剧角色,/f/index/forumpark?cn=%E7%94%B5%E8%A7%86%E5%89%A7%E8%A7%92%E8%89%B2&ci=0&pcn=%E7%94%B5%E8%A7%86%E5%89%A7&pci=0&ct=1
38,电视剧话题,/f/index/forumpark?cn=%E7%94%B5%E8%A7%86%E5%89%A7%E8%AF%9D%E9%A2%98&ci=0&pcn=%E7%94%B5%E8%A7%86%E5%89%A7&pci=0&ct=1
39,香港电影,/f/index/forumpark?cn=%E9%A6%99%E6%B8%AF%E7%94%B5%E5%BD%B1&ci=0&pcn=%E7%94%B5%E5%BD%B1&pci=0&ct=1
40,欧美电影,/f/index/forumpark?cn=%E6%AC%A7%E7%BE%8E%E7%94%B5%E5%BD%B1&ci=0&pcn=%E7%94%B5%E5%BD%B1&pci=0&ct=1
41,内地电影,/f/index/forumpark?cn=%E5%86%85%E5%9C%B0%E7%94%B5%E5%BD%B1&ci=0&pcn=%E7%94%B5%E5%BD%B1&pci=0&ct=1
42,韩国电影,/f/index/forumpark?cn=%E9%9F%A9%E5%9B%BD%E7%94%B5%E5%BD%B1&ci=0&pcn=%E7%94%B5%E5%BD%B1&pci=0&ct=1
43,日本电影,/f/index/forumpark?cn=%E6%97%A5%E6%9C%AC%E7%94%B5%E5%BD%B1&ci=0&pcn=%E7%94%B5%E5%BD%B1&pci=0&ct=1
44,台湾电影,/f/index/forumpark?cn=%E5%8F%B0%E6%B9%BE%E7%94%B5%E5%BD%B1&ci=0&pcn=%E7%94%B5%E5%BD%B1&pci=0&ct=1
45,电影话题,/f/index/forumpark?cn=%E7%94%B5%E5%BD%B1%E8%AF%9D%E9%A2%98&ci=0&pcn=%E7%94%B5%E5%BD%B1&pci=0&ct=1
46,东南亚电影,/f/index/forumpark?cn=%E4%B8%9C%E5%8D%97%E4%BA%9A%E7%94%B5%E5%BD%B1&ci=0&pcn=%E7%94%B5%E5%BD%B1&pci=0&ct=1
47,其他地区电影,/f/index/forumpark?cn=%E5%85%B6%E4%BB%96%E5%9C%B0%E5%8C%BA%E7%94%B5%E5%BD%B1&ci=0&pcn=%E7%94%B5%E5%BD%B1&pci=0&ct=1
48,严肃小说,/f/index/forumpark?cn=%E4%B8%A5%E8%82%83%E5%B0%8F%E8%AF%B4&ci=0&pcn=%E6%96%87%E5%AD%A6&pci=0&ct=1
49,中国古代作家,/f/index/forumpark?cn=%E4%B8%AD%E5%9B%BD%E5%8F%A4%E4%BB%A3%E4%BD%9C%E5%AE%B6&ci=0&pcn=%E6%96%87%E5%AD%A6&pci=0&ct=1
50,中国当代作家,/f/index/forumpark?cn=%E4%B8%AD%E5%9B%BD%E5%BD%93%E4%BB%A3%E4%BD%9C%E5%AE%B6&ci=0&pcn=%E6%96%87%E5%AD%A6&pci=0&ct=1
51,中国近现代作家,/f/index/forumpark?cn=%E4%B8%AD%E5%9B%BD%E8%BF%91%E7%8E%B0%E4%BB%A3%E4%BD%9C%E5%AE%B6&ci=0&pcn=%E6%96%87%E5%AD%A6&pci=0&ct=1
52,传统武侠小说,/f/index/forumpark?cn=%E4%BC%A0%E7%BB%9F%E6%AD%A6%E4%BE%A0%E5%B0%8F%E8%AF%B4&ci=0&pcn=%E6%96%87%E5%AD%A6&pci=0&ct=1
53,儿童文学,/f/index/forumpark?cn=%E5%84%BF%E7%AB%A5%E6%96%87%E5%AD%A6&ci=0&pcn=%E6%96%87%E5%AD%A6&pci=0&ct=1
54,其他小说作品,/f/index/forumpark?cn=%E5%85%B6%E4%BB%96%E5%B0%8F%E8%AF%B4%E4%BD%9C%E5%93%81&ci=0&pcn=%E6%96%87%E5%AD%A6&pci=0&ct=1
55,军事·历史小说,/f/index/forumpark?cn=%E5%86%9B%E4%BA%8B%C2%B7%E5%8E%86%E5%8F%B2%E5%B0%8F%E8%AF%B4&ci=0&pcn=%E6%96%87%E5%AD%A6&pci=0&ct=1
56,古典文学,/f/index/forumpark?cn=%E5%8F%A4%E5%85%B8%E6%96%87%E5%AD%A6&ci=0&pcn=%E6%96%87%E5%AD%A6&pci=0&ct=1
57,古言小说,/f/index/forumpark?cn=%E5%8F%A4%E8%A8%80%E5%B0%8F%E8%AF%B4&ci=0&pcn=%E6%96%87%E5%AD%A6&pci=0&ct=1
58,外国作家,/f/index/forumpark?cn=%E5%A4%96%E5%9B%BD%E4%BD%9C%E5%AE%B6&ci=0&pcn=%E6%96%87%E5%AD%A6&pci=0&ct=1
59,外国文学,/f/index/forumpark?cn=%E5%A4%96%E5%9B%BD%E6%96%87%E5%AD%A6&ci=0&pcn=%E6%96%87%E5%AD%A6&pci=0&ct=1
60,奇幻·玄幻小说,/f/index/forumpark?cn=%E5%A5%87%E5%B9%BB%C2%B7%E7%8E%84%E5%B9%BB%E5%B0%8F%E8%AF%B4&ci=0&pcn=%E6%96%87%E5%AD%A6&pci=0&ct=1
61,当代其他文学作品,/f/index/forumpark?cn=%E5%BD%93%E4%BB%A3%E5%85%B6%E4%BB%96%E6%96%87%E5%AD%A6%E4%BD%9C%E5%93%81&ci=0&pcn=%E6%96%87%E5%AD%A6&pci=0&ct=1
62,悬疑·推理小说,/f/index/forumpark?cn=%E6%82%AC%E7%96%91%C2%B7%E6%8E%A8%E7%90%86%E5%B0%8F%E8%AF%B4&ci=0&pcn=%E6%96%87%E5%AD%A6&pci=0&ct=1
63,文学人物,/f/index/forumpark?cn=%E6%96%87%E5%AD%A6%E4%BA%BA%E7%89%A9&ci=0&pcn=%E6%96%87%E5%AD%A6&pci=0&ct=1
64,文学期刊,/f/index/forumpark?cn=%E6%96%87%E5%AD%A6%E6%9C%9F%E5%88%8A&ci=0&pcn=%E6%96%87%E5%AD%A6&pci=0&ct=1
65,文学话题,/f/index/forumpark?cn=%E6%96%87%E5%AD%A6%E8%AF%9D%E9%A2%98&ci=0&pcn=%E6%96%87%E5%AD%A6&pci=0&ct=1
66,游戏小说,/f/index/forumpark?cn=%E6%B8%B8%E6%88%8F%E5%B0%8F%E8%AF%B4&ci=0&pcn=%E6%96%87%E5%AD%A6&pci=0&ct=1
67,灵异·超能力小说,/f/index/forumpark?cn=%E7%81%B5%E5%BC%82%C2%B7%E8%B6%85%E8%83%BD%E5%8A%9B%E5%B0%8F%E8%AF%B4&ci=0&pcn=%E6%96%87%E5%AD%A6&pci=0&ct=1
68,科幻小说,/f/index/forumpark?cn=%E7%A7%91%E5%B9%BB%E5%B0%8F%E8%AF%B4&ci=0&pcn=%E6%96%87%E5%AD%A6&pci=0&ct=1
69,近现代文学作品,/f/index/forumpark?cn=%E8%BF%91%E7%8E%B0%E4%BB%A3%E6%96%87%E5%AD%A6%E4%BD%9C%E5%93%81&ci=0&pcn=%E6%96%87%E5%AD%A6&pci=0&ct=1
70,都市·言情小说,/f/index/forumpark?cn=%E9%83%BD%E5%B8%82%C2%B7%E8%A8%80%E6%83%85%E5%B0%8F%E8%AF%B4&ci=0&pcn=%E6%96%87%E5%AD%A6&pci=0&ct=1
71,DIY,/f/index/forumpark?cn=DIY&ci=72&pcn=%E7%94%9F%E6%B4%BB%E5%AE%B6&pci=214&ct=0
72,摄影,/f/index/forumpark?cn=%E6%91%84%E5%BD%B1&ci=82&pcn=%E7%94%9F%E6%B4%BB%E5%AE%B6&pci=214&ct=0
73,画画,/f/index/forumpark?cn=%E7%94%BB%E7%94%BB&ci=91&pcn=%E7%94%9F%E6%B4%BB%E5%AE%B6&pci=214&ct=0
74,旅行,/f/index/forumpark?cn=%E6%97%85%E8%A1%8C&ci=92&pcn=%E7%94%9F%E6%B4%BB%E5%AE%B6&pci=214&ct=0
75,奢侈品,/f/index/forumpark?cn=%E5%A5%A2%E4%BE%88%E5%93%81&ci=93&pcn=%E7%94%9F%E6%B4%BB%E5%AE%B6&pci=214&ct=0
76,手绘,/f/index/forumpark?cn=%E6%89%8B%E7%BB%98&ci=94&pcn=%E7%94%9F%E6%B4%BB%E5%AE%B6&pci=214&ct=0
77,意境,/f/index/forumpark?cn=%E6%84%8F%E5%A2%83&ci=95&pcn=%E7%94%9F%E6%B4%BB%E5%AE%B6&pci=214&ct=0
78,古玩,/f/index/forumpark?cn=%E5%8F%A4%E7%8E%A9&ci=202&pcn=%E7%94%9F%E6%B4%BB%E5%AE%B6&pci=214&ct=0
79,模型,/f/index/forumpark?cn=%E6%A8%A1%E5%9E%8B&ci=203&pcn=%E7%94%9F%E6%B4%BB%E5%AE%B6&pci=214&ct=0
80,彩票,/f/index/forumpark?cn=%E5%BD%A9%E7%A5%A8&ci=215&pcn=%E7%94%9F%E6%B4%BB%E5%AE%B6&pci=214&ct=0
81,茶,/f/index/forumpark?cn=%E8%8C%B6&ci=216&pcn=%E7%94%9F%E6%B4%BB%E5%AE%B6&pci=214&ct=0
82,车,/f/index/forumpark?cn=%E8%BD%A6&ci=217&pcn=%E7%94%9F%E6%B4%BB%E5%AE%B6&pci=214&ct=0
83,创作,/f/index/forumpark?cn=%E5%88%9B%E4%BD%9C&ci=218&pcn=%E7%94%9F%E6%B4%BB%E5%AE%B6&pci=214&ct=0
84,二手,/f/index/forumpark?cn=%E4%BA%8C%E6%89%8B&ci=219&pcn=%E7%94%9F%E6%B4%BB%E5%AE%B6&pci=214&ct=0
85,交流,/f/index/forumpark?cn=%E4%BA%A4%E6%B5%81&ci=220&pcn=%E7%94%9F%E6%B4%BB%E5%AE%B6&pci=214&ct=0
86,经验,/f/index/forumpark?cn=%E7%BB%8F%E9%AA%8C&ci=221&pcn=%E7%94%9F%E6%B4%BB%E5%AE%B6&pci=214&ct=0
87,花,/f/index/forumpark?cn=%E8%8A%B1&ci=224&pcn=%E7%94%9F%E6%B4%BB%E5%AE%B6&pci=214&ct=0
88,植物,/f/index/forumpark?cn=%E6%A4%8D%E7%89%A9&ci=225&pcn=%E7%94%9F%E6%B4%BB%E5%AE%B6&pci=214&ct=0
89,家居,/f/index/forumpark?cn=%E5%AE%B6%E5%B1%85&ci=226&pcn=%E7%94%9F%E6%B4%BB%E5%AE%B6&pci=214&ct=0
90,小而美,/f/index/forumpark?cn=%E5%B0%8F%E8%80%8C%E7%BE%8E&ci=244&pcn=%E7%94%9F%E6%B4%BB%E5%AE%B6&pci=214&ct=0
91,理财,/f/index/forumpark?cn=%E7%90%86%E8%B4%A2&ci=272&pcn=%E7%94%9F%E6%B4%BB%E5%AE%B6&pci=214&ct=0
92,投资,/f/index/forumpark?cn=%E6%8A%95%E8%B5%84&ci=273&pcn=%E7%94%9F%E6%B4%BB%E5%AE%B6&pci=214&ct=0
93,职场,/f/index/forumpark?cn=%E8%81%8C%E5%9C%BA&ci=274&pcn=%E7%94%9F%E6%B4%BB%E5%AE%B6&pci=214&ct=0
94,多肉植物,/f/index/forumpark?cn=%E5%A4%9A%E8%82%89%E6%A4%8D%E7%89%A9&ci=357&pcn=%E7%94%9F%E6%B4%BB%E5%AE%B6&pci=214&ct=0
95,手工,/f/index/forumpark?cn=%E6%89%8B%E5%B7%A5&ci=358&pcn=%E7%94%9F%E6%B4%BB%E5%AE%B6&pci=214&ct=0
96,冷门收藏,/f/index/forumpark?cn=%E5%86%B7%E9%97%A8%E6%94%B6%E8%97%8F&ci=376&pcn=%E7%94%9F%E6%B4%BB%E5%AE%B6&pci=214&ct=0
97,甜品,/f/index/forumpark?cn=%E7%94%9C%E5%93%81&ci=378&pcn=%E7%94%9F%E6%B4%BB%E5%AE%B6&pci=214&ct=0
98,美食,/f/index/forumpark?cn=%E7%BE%8E%E9%A3%9F&ci=380&pcn=%E7%94%9F%E6%B4%BB%E5%AE%B6&pci=214&ct=0
99,购物,/f/index/forumpark?cn=%E8%B4%AD%E7%89%A9&ci=428&pcn=%E7%94%9F%E6%B4%BB%E5%AE%B6&pci=214&ct=0
100,变美,/f/index/forumpark?cn=%E5%8F%98%E7%BE%8E&ci=520&pcn=%E7%94%9F%E6%B4%BB%E5%AE%B6&pci=214&ct=0
101,留学移民,/f/index/forumpark?cn=%E7%95%99%E5%AD%A6%E7%A7%BB%E6%B0%91&ci=521&pcn=%E7%94%9F%E6%B4%BB%E5%AE%B6&pci=214&ct=0
102,文玩,/f/index/forumpark?cn=%E6%96%87%E7%8E%A9&ci=522&pcn=%E7%94%9F%E6%B4%BB%E5%AE%B6&pci=214&ct=0
103,萌宠,/f/index/forumpark?cn=%E8%90%8C%E5%AE%A0&ci=4&pcn=%E9%97%B2%C2%B7%E8%B6%A3&pci=429&ct=0
104,喵星人,/f/index/forumpark?cn=%E5%96%B5%E6%98%9F%E4%BA%BA&ci=5&pcn=%E9%97%B2%C2%B7%E8%B6%A3&pci=429&ct=0
105,萝莉,/f/index/forumpark?cn=%E8%90%9D%E8%8E%89&ci=6&pcn=%E9%97%B2%C2%B7%E8%B6%A3&pci=429&ct=0
106,童年,/f/index/forumpark?cn=%E7%AB%A5%E5%B9%B4&ci=8&pcn=%E9%97%B2%C2%B7%E8%B6%A3&pci=429&ct=0
107,汪星人,/f/index/forumpark?cn=%E6%B1%AA%E6%98%9F%E4%BA%BA&ci=9&pcn=%E9%97%B2%C2%B7%E8%B6%A3&pci=429&ct=0
108,正太,/f/index/forumpark?cn=%E6%AD%A3%E5%A4%AA&ci=11&pcn=%E9%97%B2%C2%B7%E8%B6%A3&pci=429&ct=0
109,爆料,/f/index/forumpark?cn=%E7%88%86%E6%96%99&ci=42&pcn=%E9%97%B2%C2%B7%E8%B6%A3&pci=429&ct=0
110,吐槽,/f/index/forumpark?cn=%E5%90%90%E6%A7%BD&ci=152&pcn=%E9%97%B2%C2%B7%E8%B6%A3&pci=429&ct=0
111,内涵,/f/index/forumpark?cn=%E5%86%85%E6%B6%B5&ci=254&pcn=%E9%97%B2%C2%B7%E8%B6%A3&pci=429&ct=0
112,恐怖,/f/index/forumpark?cn=%E6%81%90%E6%80%96&ci=255&pcn=%E9%97%B2%C2%B7%E8%B6%A3&pci=429&ct=0
113,重口味,/f/index/forumpark?cn=%E9%87%8D%E5%8F%A3%E5%91%B3&ci=257&pcn=%E9%97%B2%C2%B7%E8%B6%A3&pci=429&ct=0
114,星座,/f/index/forumpark?cn=%E6%98%9F%E5%BA%A7&ci=263&pcn=%E9%97%B2%C2%B7%E8%B6%A3&pci=429&ct=0
115,客户端网游,/f/index/forumpark?cn=%E5%AE%A2%E6%88%B7%E7%AB%AF%E7%BD%91%E6%B8%B8&ci=0&pcn=%E6%B8%B8%E6%88%8F&pci=0&ct=1
116,桌游,/f/index/forumpark?cn=%E6%A1%8C%E6%B8%B8&ci=0&pcn=%E6%B8%B8%E6%88%8F&pci=0&ct=1
117,游戏角色,/f/index/forumpark?cn=%E6%B8%B8%E6%88%8F%E8%A7%92%E8%89%B2&ci=0&pcn=%E6%B8%B8%E6%88%8F&pci=0&ct=1
118,网页版网游,/f/index/forumpark?cn=%E7%BD%91%E9%A1%B5%E7%89%88%E7%BD%91%E6%B8%B8&ci=0&pcn=%E6%B8%B8%E6%88%8F&pci=0&ct=1
119,手机游戏,/f/index/forumpark?cn=%E6%89%8B%E6%9C%BA%E6%B8%B8%E6%88%8F&ci=0&pcn=%E6%B8%B8%E6%88%8F&pci=0&ct=1
120,小游戏,/f/index/forumpark?cn=%E5%B0%8F%E6%B8%B8%E6%88%8F&ci=0&pcn=%E6%B8%B8%E6%88%8F&pci=0&ct=1
121,单机游戏,/f/index/forumpark?cn=%E5%8D%95%E6%9C%BA%E6%B8%B8%E6%88%8F&ci=0&pcn=%E6%B8%B8%E6%88%8F&pci=0&ct=1
122,掌机游戏,/f/index/forumpark?cn=%E6%8E%8C%E6%9C%BA%E6%B8%B8%E6%88%8F&ci=0&pcn=%E6%B8%B8%E6%88%8F&pci=0&ct=1
123,电视游戏,/f/index/forumpark?cn=%E7%94%B5%E8%A7%86%E6%B8%B8%E6%88%8F&ci=0&pcn=%E6%B8%B8%E6%88%8F&pci=0&ct=1
124,其他游戏及话题,/f/index/forumpark?cn=%E5%85%B6%E4%BB%96%E6%B8%B8%E6%88%8F%E5%8F%8A%E8%AF%9D%E9%A2%98&ci=0&pcn=%E6%B8%B8%E6%88%8F&pci=0&ct=1
125,推理,/f/index/forumpark?cn=%E6%8E%A8%E7%90%86&ci=83&pcn=%E5%8A%A8%E6%BC%AB%E5%AE%85&pci=206&ct=0
126,声优,/f/index/forumpark?cn=%E5%A3%B0%E4%BC%98&ci=210&pcn=%E5%8A%A8%E6%BC%AB%E5%AE%85&pci=206&ct=0
127,COS,/f/index/forumpark?cn=COS&ci=212&pcn=%E5%8A%A8%E6%BC%AB%E5%AE%85&pci=206&ct=0
128,日本动漫,/f/index/forumpark?cn=%E6%97%A5%E6%9C%AC%E5%8A%A8%E6%BC%AB&ci=312&pcn=%E5%8A%A8%E6%BC%AB%E5%AE%85&pci=206&ct=0
129,国产动漫,/f/index/forumpark?cn=%E5%9B%BD%E4%BA%A7%E5%8A%A8%E6%BC%AB&ci=313&pcn=%E5%8A%A8%E6%BC%AB%E5%AE%85&pci=206&ct=0
130,欧美动漫,/f/index/forumpark?cn=%E6%AC%A7%E7%BE%8E%E5%8A%A8%E6%BC%AB&ci=314&pcn=%E5%8A%A8%E6%BC%AB%E5%AE%85&pci=206&ct=0
131,少男漫,/f/index/forumpark?cn=%E5%B0%91%E7%94%B7%E6%BC%AB&ci=315&pcn=%E5%8A%A8%E6%BC%AB%E5%AE%85&pci=206&ct=0
132,暴走漫画,/f/index/forumpark?cn=%E6%9A%B4%E8%B5%B0%E6%BC%AB%E7%94%BB&ci=316&pcn=%E5%8A%A8%E6%BC%AB%E5%AE%85&pci=206&ct=0
133,耽美漫画,/f/index/forumpark?cn=%E8%80%BD%E7%BE%8E%E6%BC%AB%E7%94%BB&ci=317&pcn=%E5%8A%A8%E6%BC%AB%E5%AE%85&pci=206&ct=0
134,少女漫画,/f/index/forumpark?cn=%E5%B0%91%E5%A5%B3%E6%BC%AB%E7%94%BB&ci=318&pcn=%E5%8A%A8%E6%BC%AB%E5%AE%85&pci=206&ct=0
135,搞笑漫画,/f/index/forumpark?cn=%E6%90%9E%E7%AC%91%E6%BC%AB%E7%94%BB&ci=319&pcn=%E5%8A%A8%E6%BC%AB%E5%AE%85&pci=206&ct=0
136,科幻系,/f/index/forumpark?cn=%E7%A7%91%E5%B9%BB%E7%B3%BB&ci=320&pcn=%E5%8A%A8%E6%BC%AB%E5%AE%85&pci=206&ct=0
137,冒险,/f/index/forumpark?cn=%E5%86%92%E9%99%A9&ci=321&pcn=%E5%8A%A8%E6%BC%AB%E5%AE%85&pci=206&ct=0
138,青春恋爱,/f/index/forumpark?cn=%E9%9D%92%E6%98%A5%E6%81%8B%E7%88%B1&ci=322&pcn=%E5%8A%A8%E6%BC%AB%E5%AE%85&pci=206&ct=0
139,热血动漫,/f/index/forumpark?cn=%E7%83%AD%E8%A1%80%E5%8A%A8%E6%BC%AB&ci=323&pcn=%E5%8A%A8%E6%BC%AB%E5%AE%85&pci=206&ct=0
140,同人,/f/index/forumpark?cn=%E5%90%8C%E4%BA%BA&ci=417&pcn=%E5%8A%A8%E6%BC%AB%E5%AE%85&pci=206&ct=0
141,手办,/f/index/forumpark?cn=%E6%89%8B%E5%8A%9E&ci=418&pcn=%E5%8A%A8%E6%BC%AB%E5%AE%85&pci=206&ct=0
142,偶像明星,/f/index/forumpark?cn=%E5%81%B6%E5%83%8F%E6%98%8E%E6%98%9F&ci=19&pcn=%E8%BF%BD%E6%98%9F%E6%97%8F&pci=383&ct=0
143,韩饭,/f/index/forumpark?cn=%E9%9F%A9%E9%A5%AD&ci=29&pcn=%E8%BF%BD%E6%98%9F%E6%97%8F&pci=383&ct=0
144,娱乐八卦,/f/index/forumpark?cn=%E5%A8%B1%E4%B9%90%E5%85%AB%E5%8D%A6&ci=259&pcn=%E8%BF%BD%E6%98%9F%E6%97%8F&pci=383&ct=0
145,欧美明星,/f/index/forumpark?cn=%E6%AC%A7%E7%BE%8E%E6%98%8E%E6%98%9F&ci=300&pcn=%E8%BF%BD%E6%98%9F%E6%97%8F&pci=383&ct=0
146,港台明星,/f/index/forumpark?cn=%E6%B8%AF%E5%8F%B0%E6%98%8E%E6%98%9F&ci=301&pcn=%E8%BF%BD%E6%98%9F%E6%97%8F&pci=383&ct=0
147,内地明星,/f/index/forumpark?cn=%E5%86%85%E5%9C%B0%E6%98%8E%E6%98%9F&ci=302&pcn=%E8%BF%BD%E6%98%9F%E6%97%8F&pci=383&ct=0
148,球星,/f/index/forumpark?cn=%E7%90%83%E6%98%9F&ci=303&pcn=%E8%BF%BD%E6%98%9F%E6%97%8F&pci=383&ct=0
149,篮球明星,/f/index/forumpark?cn=%E7%AF%AE%E7%90%83%E6%98%8E%E6%98%9F&ci=304&pcn=%E8%BF%BD%E6%98%9F%E6%97%8F&pci=383&ct=0
150,笑星,/f/index/forumpark?cn=%E7%AC%91%E6%98%9F&ci=305&pcn=%E8%BF%BD%E6%98%9F%E6%97%8F&pci=383&ct=0
151,乐队,/f/index/forumpark?cn=%E4%B9%90%E9%98%9F&ci=306&pcn=%E8%BF%BD%E6%98%9F%E6%97%8F&pci=383&ct=0
152,时尚明星,/f/index/forumpark?cn=%E6%97%B6%E5%B0%9A%E6%98%8E%E6%98%9F&ci=307&pcn=%E8%BF%BD%E6%98%9F%E6%97%8F&pci=383&ct=0
153,主持人,/f/index/forumpark?cn=%E4%B8%BB%E6%8C%81%E4%BA%BA&ci=308&pcn=%E8%BF%BD%E6%98%9F%E6%97%8F&pci=383&ct=0
154,声优控,/f/index/forumpark?cn=%E5%A3%B0%E4%BC%98%E6%8E%A7&ci=309&pcn=%E8%BF%BD%E6%98%9F%E6%97%8F&pci=383&ct=0
155,帅大叔,/f/index/forumpark?cn=%E5%B8%85%E5%A4%A7%E5%8F%94&ci=310&pcn=%E8%BF%BD%E6%98%9F%E6%97%8F&pci=383&ct=0
156,日饭,/f/index/forumpark?cn=%E6%97%A5%E9%A5%AD&ci=415&pcn=%E8%BF%BD%E6%98%9F%E6%97%8F&pci=383&ct=0
157,其他工农业产品及话题,/f/index/forumpark?cn=%E5%85%B6%E4%BB%96%E5%B7%A5%E5%86%9C%E4%B8%9A%E4%BA%A7%E5%93%81%E5%8F%8A%E8%AF%9D%E9%A2%98&ci=0&pcn=%E5%B7%A5%E5%86%9C%E4%B8%9A%E4%BA%A7%E5%93%81&pci=0&ct=1
158,农林牧渔,/f/index/forumpark?cn=%E5%86%9C%E6%9E%97%E7%89%A7%E6%B8%94&ci=0&pcn=%E5%B7%A5%E5%86%9C%E4%B8%9A%E4%BA%A7%E5%93%81&pci=0&ct=1
159,包装/印刷/纸业,/f/index/forumpark?cn=%E5%8C%85%E8%A3%85%2F%E5%8D%B0%E5%88%B7%2F%E7%BA%B8%E4%B8%9A&ci=0&pcn=%E5%B7%A5%E5%86%9C%E4%B8%9A%E4%BA%A7%E5%93%81&pci=0&ct=1
160,医疗器械,/f/index/forumpark?cn=%E5%8C%BB%E7%96%97%E5%99%A8%E6%A2%B0&ci=0&pcn=%E5%B7%A5%E5%86%9C%E4%B8%9A%E4%BA%A7%E5%93%81&pci=0&ct=1
161,安全防护,/f/index/forumpark?cn=%E5%AE%89%E5%85%A8%E9%98%B2%E6%8A%A4&ci=0&pcn=%E5%B7%A5%E5%86%9C%E4%B8%9A%E4%BA%A7%E5%93%81&pci=0&ct=1
162,机械设备,/f/index/forumpark?cn=%E6%9C%BA%E6%A2%B0%E8%AE%BE%E5%A4%87&ci=0&pcn=%E5%B7%A5%E5%86%9C%E4%B8%9A%E4%BA%A7%E5%93%81&pci=0&ct=1
163,电子电工,/f/index/forumpark?cn=%E7%94%B5%E5%AD%90%E7%94%B5%E5%B7%A5&ci=0&pcn=%E5%B7%A5%E5%86%9C%E4%B8%9A%E4%BA%A7%E5%93%81&pci=0&ct=1
164,纺织/化工/化学品,/f/index/forumpark?cn=%E7%BA%BA%E7%BB%87%2F%E5%8C%96%E5%B7%A5%2F%E5%8C%96%E5%AD%A6%E5%93%81&ci=0&pcn=%E5%B7%A5%E5%86%9C%E4%B8%9A%E4%BA%A7%E5%93%81&pci=0&ct=1
165,能源/冶金/建材,/f/index/forumpark?cn=%E8%83%BD%E6%BA%90%2F%E5%86%B6%E9%87%91%2F%E5%BB%BA%E6%9D%90&ci=0&pcn=%E5%B7%A5%E5%86%9C%E4%B8%9A%E4%BA%A7%E5%93%81&pci=0&ct=1
166,内地流行音乐,/f/index/forumpark?cn=%E5%86%85%E5%9C%B0%E6%B5%81%E8%A1%8C%E9%9F%B3%E4%B9%90&ci=0&pcn=%E9%9F%B3%E4%B9%90&pci=0&ct=1
167,港台流行音乐,/f/index/forumpark?cn=%E6%B8%AF%E5%8F%B0%E6%B5%81%E8%A1%8C%E9%9F%B3%E4%B9%90&ci=0&pcn=%E9%9F%B3%E4%B9%90&pci=0&ct=1
168,日本流行音乐,/f/index/forumpark?cn=%E6%97%A5%E6%9C%AC%E6%B5%81%E8%A1%8C%E9%9F%B3%E4%B9%90&ci=0&pcn=%E9%9F%B3%E4%B9%90&pci=0&ct=1
169,韩国流行音乐,/f/index/forumpark?cn=%E9%9F%A9%E5%9B%BD%E6%B5%81%E8%A1%8C%E9%9F%B3%E4%B9%90&ci=0&pcn=%E9%9F%B3%E4%B9%90&pci=0&ct=1
170,欧美流行音乐,/f/index/forumpark?cn=%E6%AC%A7%E7%BE%8E%E6%B5%81%E8%A1%8C%E9%9F%B3%E4%B9%90&ci=0&pcn=%E9%9F%B3%E4%B9%90&pci=0&ct=1
171,摇滚音乐,/f/index/forumpark?cn=%E6%91%87%E6%BB%9A%E9%9F%B3%E4%B9%90&ci=0&pcn=%E9%9F%B3%E4%B9%90&pci=0&ct=1
172,古典音乐&轻音乐,/f/index/forumpark?cn=%E5%8F%A4%E5%85%B8%E9%9F%B3%E4%B9%90%26%E8%BD%BB%E9%9F%B3%E4%B9%90&ci=0&pcn=%E9%9F%B3%E4%B9%90&pci=0&ct=1
173,少儿歌曲,/f/index/forumpark?cn=%E5%B0%91%E5%84%BF%E6%AD%8C%E6%9B%B2&ci=0&pcn=%E9%9F%B3%E4%B9%90&pci=0&ct=1
174,民歌,/f/index/forumpark?cn=%E6%B0%91%E6%AD%8C&ci=0&pcn=%E9%9F%B3%E4%B9%90&pci=0&ct=1
175,乐器,/f/index/forumpark?cn=%E4%B9%90%E5%99%A8&ci=0&pcn=%E9%9F%B3%E4%B9%90&pci=0&ct=1
176,音乐话题,/f/index/forumpark?cn=%E9%9F%B3%E4%B9%90%E8%AF%9D%E9%A2%98&ci=0&pcn=%E9%9F%B3%E4%B9%90&pci=0&ct=1
177,其他地区流行音乐,/f/index/forumpark?cn=%E5%85%B6%E4%BB%96%E5%9C%B0%E5%8C%BA%E6%B5%81%E8%A1%8C%E9%9F%B3%E4%B9%90&ci=0&pcn=%E9%9F%B3%E4%B9%90&pci=0&ct=1
178,nba球队及赛事,/f/index/forumpark?cn=nba%E7%90%83%E9%98%9F%E5%8F%8A%E8%B5%9B%E4%BA%8B&ci=0&pcn=%E4%BD%93%E8%82%B2&pci=0&ct=1
179,中国足球俱乐部及赛事,/f/index/forumpark?cn=%E4%B8%AD%E5%9B%BD%E8%B6%B3%E7%90%83%E4%BF%B1%E4%B9%90%E9%83%A8%E5%8F%8A%E8%B5%9B%E4%BA%8B&ci=0&pcn=%E4%BD%93%E8%82%B2&pci=0&ct=1
180,台球,/f/index/forumpark?cn=%E5%8F%B0%E7%90%83&ci=0&pcn=%E4%BD%93%E8%82%B2&pci=0&ct=1
181,赛车,/f/index/forumpark?cn=%E8%B5%9B%E8%BD%A6&ci=0&pcn=%E4%BD%93%E8%82%B2&pci=0&ct=1
182,田径,/f/index/forumpark?cn=%E7%94%B0%E5%BE%84&ci=0&pcn=%E4%BD%93%E8%82%B2&pci=0&ct=1
183,田径明星,/f/index/forumpark?cn=%E7%94%B0%E5%BE%84%E6%98%8E%E6%98%9F&ci=0&pcn=%E4%BD%93%E8%82%B2&pci=0&ct=1
184,英国足球俱乐部及赛事,/f/index/forumpark?cn=%E8%8B%B1%E5%9B%BD%E8%B6%B3%E7%90%83%E4%BF%B1%E4%B9%90%E9%83%A8%E5%8F%8A%E8%B5%9B%E4%BA%8B&ci=0&pcn=%E4%BD%93%E8%82%B2&pci=0&ct=1
185,西班牙足球俱乐部及赛事,/f/index/forumpark?cn=%E8%A5%BF%E7%8F%AD%E7%89%99%E8%B6%B3%E7%90%83%E4%BF%B1%E4%B9%90%E9%83%A8%E5%8F%8A%E8%B5%9B%E4%BA%8B&ci=0&pcn=%E4%BD%93%E8%82%B2&pci=0&ct=1
186,德国足球俱乐部及赛事,/f/index/forumpark?cn=%E5%BE%B7%E5%9B%BD%E8%B6%B3%E7%90%83%E4%BF%B1%E4%B9%90%E9%83%A8%E5%8F%8A%E8%B5%9B%E4%BA%8B&ci=0&pcn=%E4%BD%93%E8%82%B2&pci=0&ct=1
187,意大利足球俱乐部及赛事,/f/index/forumpark?cn=%E6%84%8F%E5%A4%A7%E5%88%A9%E8%B6%B3%E7%90%83%E4%BF%B1%E4%B9%90%E9%83%A8%E5%8F%8A%E8%B5%9B%E4%BA%8B&ci=0&pcn=%E4%BD%93%E8%82%B2&pci=0&ct=1
188,法国足球俱乐部及赛事,/f/index/forumpark?cn=%E6%B3%95%E5%9B%BD%E8%B6%B3%E7%90%83%E4%BF%B1%E4%B9%90%E9%83%A8%E5%8F%8A%E8%B5%9B%E4%BA%8B&ci=0&pcn=%E4%BD%93%E8%82%B2&pci=0&ct=1
189,足球明星,/f/index/forumpark?cn=%E8%B6%B3%E7%90%83%E6%98%8E%E6%98%9F&ci=0&pcn=%E4%BD%93%E8%82%B2&pci=0&ct=1
190,篮球明星,/f/index/forumpark?cn=%E7%AF%AE%E7%90%83%E6%98%8E%E6%98%9F&ci=0&pcn=%E4%BD%93%E8%82%B2&pci=0&ct=1
191,网球明星,/f/index/forumpark?cn=%E7%BD%91%E7%90%83%E6%98%8E%E6%98%9F&ci=0&pcn=%E4%BD%93%E8%82%B2&pci=0&ct=1
192,体操明星,/f/index/forumpark?cn=%E4%BD%93%E6%93%8D%E6%98%8E%E6%98%9F&ci=0&pcn=%E4%BD%93%E8%82%B2&pci=0&ct=1
193,台球明星,/f/index/forumpark?cn=%E5%8F%B0%E7%90%83%E6%98%8E%E6%98%9F&ci=0&pcn=%E4%BD%93%E8%82%B2&pci=0&ct=1
194,篮球国家队、协会及赛事,/f/index/forumpark?cn=%E7%AF%AE%E7%90%83%E5%9B%BD%E5%AE%B6%E9%98%9F%E3%80%81%E5%8D%8F%E4%BC%9A%E5%8F%8A%E8%B5%9B%E4%BA%8B&ci=0&pcn=%E4%BD%93%E8%82%B2&pci=0&ct=1
195,cba球队及赛事,/f/index/forumpark?cn=cba%E7%90%83%E9%98%9F%E5%8F%8A%E8%B5%9B%E4%BA%8B&ci=0&pcn=%E4%BD%93%E8%82%B2&pci=0&ct=1
196,电子竞技及选手,/f/index/forumpark?cn=%E7%94%B5%E5%AD%90%E7%AB%9E%E6%8A%80%E5%8F%8A%E9%80%89%E6%89%8B&ci=0&pcn=%E4%BD%93%E8%82%B2&pci=0&ct=1
197,排球,/f/index/forumpark?cn=%E6%8E%92%E7%90%83&ci=0&pcn=%E4%BD%93%E8%82%B2&pci=0&ct=1
198,排球明星,/f/index/forumpark?cn=%E6%8E%92%E7%90%83%E6%98%8E%E6%98%9F&ci=0&pcn=%E4%BD%93%E8%82%B2&pci=0&ct=1
199,棋牌类,/f/index/forumpark?cn=%E6%A3%8B%E7%89%8C%E7%B1%BB&ci=0&pcn=%E4%BD%93%E8%82%B2&pci=0&ct=1
200,武术搏击,/f/index/forumpark?cn=%E6%AD%A6%E6%9C%AF%E6%90%8F%E5%87%BB&ci=0&pcn=%E4%BD%93%E8%82%B2&pci=0&ct=1
201,水上运动,/f/index/forumpark?cn=%E6%B0%B4%E4%B8%8A%E8%BF%90%E5%8A%A8&ci=0&pcn=%E4%BD%93%E8%82%B2&pci=0&ct=1
202,水上运动明星,/f/index/forumpark?cn=%E6%B0%B4%E4%B8%8A%E8%BF%90%E5%8A%A8%E6%98%8E%E6%98%9F&ci=0&pcn=%E4%BD%93%E8%82%B2&pci=0&ct=1
203,冬季项目明星,/f/index/forumpark?cn=%E5%86%AC%E5%AD%A3%E9%A1%B9%E7%9B%AE%E6%98%8E%E6%98%9F&ci=0&pcn=%E4%BD%93%E8%82%B2&pci=0&ct=1
204,冰上运动,/f/index/forumpark?cn=%E5%86%B0%E4%B8%8A%E8%BF%90%E5%8A%A8&ci=0&pcn=%E4%BD%93%E8%82%B2&pci=0&ct=1
205,乒羽明星,/f/index/forumpark?cn=%E4%B9%92%E7%BE%BD%E6%98%8E%E6%98%9F&ci=0&pcn=%E4%BD%93%E8%82%B2&pci=0&ct=1
206,休闲体育,/f/index/forumpark?cn=%E4%BC%91%E9%97%B2%E4%BD%93%E8%82%B2&ci=0&pcn=%E4%BD%93%E8%82%B2&pci=0&ct=1
207,舞蹈,/f/index/forumpark?cn=%E8%88%9E%E8%B9%88&ci=0&pcn=%E4%BD%93%E8%82%B2&pci=0&ct=1
208,乒羽·网球,/f/index/forumpark?cn=%E4%B9%92%E7%BE%BD%C2%B7%E7%BD%91%E7%90%83&ci=0&pcn=%E4%BD%93%E8%82%B2&pci=0&ct=1
209,赛车明星,/f/index/forumpark?cn=%E8%B5%9B%E8%BD%A6%E6%98%8E%E6%98%9F&ci=0&pcn=%E4%BD%93%E8%82%B2&pci=0&ct=1
210,足球国家队及协会,/f/index/forumpark?cn=%E8%B6%B3%E7%90%83%E5%9B%BD%E5%AE%B6%E9%98%9F%E5%8F%8A%E5%8D%8F%E4%BC%9A&ci=0&pcn=%E4%BD%93%E8%82%B2&pci=0&ct=1
211,体育相关话题,/f/index/forumpark?cn=%E4%BD%93%E8%82%B2%E7%9B%B8%E5%85%B3%E8%AF%9D%E9%A2%98&ci=0&pcn=%E4%BD%93%E8%82%B2&pci=0&ct=1
212,体育记者及媒体,/f/index/forumpark?cn=%E4%BD%93%E8%82%B2%E8%AE%B0%E8%80%85%E5%8F%8A%E5%AA%92%E4%BD%93&ci=0&pcn=%E4%BD%93%E8%82%B2&pci=0&ct=1
213,其他体育明星,/f/index/forumpark?cn=%E5%85%B6%E4%BB%96%E4%BD%93%E8%82%B2%E6%98%8E%E6%98%9F&ci=0&pcn=%E4%BD%93%E8%82%B2&pci=0&ct=1
214,其他体育项目及赛事,/f/index/forumpark?cn=%E5%85%B6%E4%BB%96%E4%BD%93%E8%82%B2%E9%A1%B9%E7%9B%AE%E5%8F%8A%E8%B5%9B%E4%BA%8B&ci=0&pcn=%E4%BD%93%E8%82%B2&pci=0&ct=1
215,其他足球俱乐部及赛事,/f/index/forumpark?cn=%E5%85%B6%E4%BB%96%E8%B6%B3%E7%90%83%E4%BF%B1%E4%B9%90%E9%83%A8%E5%8F%8A%E8%B5%9B%E4%BA%8B&ci=0&pcn=%E4%BD%93%E8%82%B2&pci=0&ct=1
216,北京院校,/f/index/forumpark?cn=%E5%8C%97%E4%BA%AC%E9%99%A2%E6%A0%A1&ci=0&pcn=%E9%AB%98%E7%AD%89%E9%99%A2%E6%A0%A1&pci=0&ct=1
217,山东院校,/f/index/forumpark?cn=%E5%B1%B1%E4%B8%9C%E9%99%A2%E6%A0%A1&ci=0&pcn=%E9%AB%98%E7%AD%89%E9%99%A2%E6%A0%A1&pci=0&ct=1
218,江苏院校,/f/index/forumpark?cn=%E6%B1%9F%E8%8B%8F%E9%99%A2%E6%A0%A1&ci=0&pcn=%E9%AB%98%E7%AD%89%E9%99%A2%E6%A0%A1&pci=0&ct=1
219,四川院校,/f/index/forumpark?cn=%E5%9B%9B%E5%B7%9D%E9%99%A2%E6%A0%A1&ci=0&pcn=%E9%AB%98%E7%AD%89%E9%99%A2%E6%A0%A1&pci=0&ct=1
220,湖北院校,/f/index/forumpark?cn=%E6%B9%96%E5%8C%97%E9%99%A2%E6%A0%A1&ci=0&pcn=%E9%AB%98%E7%AD%89%E9%99%A2%E6%A0%A1&pci=0&ct=1
221,河北院校,/f/index/forumpark?cn=%E6%B2%B3%E5%8C%97%E9%99%A2%E6%A0%A1&ci=0&pcn=%E9%AB%98%E7%AD%89%E9%99%A2%E6%A0%A1&pci=0&ct=1
222,安徽院校,/f/index/forumpark?cn=%E5%AE%89%E5%BE%BD%E9%99%A2%E6%A0%A1&ci=0&pcn=%E9%AB%98%E7%AD%89%E9%99%A2%E6%A0%A1&pci=0&ct=1
223,陕西院校,/f/index/forumpark?cn=%E9%99%95%E8%A5%BF%E9%99%A2%E6%A0%A1&ci=0&pcn=%E9%AB%98%E7%AD%89%E9%99%A2%E6%A0%A1&pci=0&ct=1
224,浙江院校,/f/index/forumpark?cn=%E6%B5%99%E6%B1%9F%E9%99%A2%E6%A0%A1&ci=0&pcn=%E9%AB%98%E7%AD%89%E9%99%A2%E6%A0%A1&pci=0&ct=1
225,辽宁院校,/f/index/forumpark?cn=%E8%BE%BD%E5%AE%81%E9%99%A2%E6%A0%A1&ci=0&pcn=%E9%AB%98%E7%AD%89%E9%99%A2%E6%A0%A1&pci=0&ct=1
226,湖南院校,/f/index/forumpark?cn=%E6%B9%96%E5%8D%97%E9%99%A2%E6%A0%A1&ci=0&pcn=%E9%AB%98%E7%AD%89%E9%99%A2%E6%A0%A1&pci=0&ct=1
227,福建院校,/f/index/forumpark?cn=%E7%A6%8F%E5%BB%BA%E9%99%A2%E6%A0%A1&ci=0&pcn=%E9%AB%98%E7%AD%89%E9%99%A2%E6%A0%A1&pci=0&ct=1
228,江西院校,/f/index/forumpark?cn=%E6%B1%9F%E8%A5%BF%E9%99%A2%E6%A0%A1&ci=0&pcn=%E9%AB%98%E7%AD%89%E9%99%A2%E6%A0%A1&pci=0&ct=1
229,重庆院校,/f/index/forumpark?cn=%E9%87%8D%E5%BA%86%E9%99%A2%E6%A0%A1&ci=0&pcn=%E9%AB%98%E7%AD%89%E9%99%A2%E6%A0%A1&pci=0&ct=1
230,广东院校,/f/index/forumpark?cn=%E5%B9%BF%E4%B8%9C%E9%99%A2%E6%A0%A1&ci=0&pcn=%E9%AB%98%E7%AD%89%E9%99%A2%E6%A0%A1&pci=0&ct=1
231,河南院校,/f/index/forumpark?cn=%E6%B2%B3%E5%8D%97%E9%99%A2%E6%A0%A1&ci=0&pcn=%E9%AB%98%E7%AD%89%E9%99%A2%E6%A0%A1&pci=0&ct=1
232,山西院校,/f/index/forumpark?cn=%E5%B1%B1%E8%A5%BF%E9%99%A2%E6%A0%A1&ci=0&pcn=%E9%AB%98%E7%AD%89%E9%99%A2%E6%A0%A1&pci=0&ct=1
233,上海院校,/f/index/forumpark?cn=%E4%B8%8A%E6%B5%B7%E9%99%A2%E6%A0%A1&ci=0&pcn=%E9%AB%98%E7%AD%89%E9%99%A2%E6%A0%A1&pci=0&ct=1
234,黑龙江院校,/f/index/forumpark?cn=%E9%BB%91%E9%BE%99%E6%B1%9F%E9%99%A2%E6%A0%A1&ci=0&pcn=%E9%AB%98%E7%AD%89%E9%99%A2%E6%A0%A1&pci=0&ct=1
235,天津院校,/f/index/forumpark?cn=%E5%A4%A9%E6%B4%A5%E9%99%A2%E6%A0%A1&ci=0&pcn=%E9%AB%98%E7%AD%89%E9%99%A2%E6%A0%A1&pci=0&ct=1
236,吉林院校,/f/index/forumpark?cn=%E5%90%89%E6%9E%97%E9%99%A2%E6%A0%A1&ci=0&pcn=%E9%AB%98%E7%AD%89%E9%99%A2%E6%A0%A1&pci=0&ct=1
237,广西院校,/f/index/forumpark?cn=%E5%B9%BF%E8%A5%BF%E9%99%A2%E6%A0%A1&ci=0&pcn=%E9%AB%98%E7%AD%89%E9%99%A2%E6%A0%A1&pci=0&ct=1
238,云南院校,/f/index/forumpark?cn=%E4%BA%91%E5%8D%97%E9%99%A2%E6%A0%A1&ci=0&pcn=%E9%AB%98%E7%AD%89%E9%99%A2%E6%A0%A1&pci=0&ct=1
239,甘肃院校,/f/index/forumpark?cn=%E7%94%98%E8%82%83%E9%99%A2%E6%A0%A1&ci=0&pcn=%E9%AB%98%E7%AD%89%E9%99%A2%E6%A0%A1&pci=0&ct=1
240,内蒙古院校,/f/index/forumpark?cn=%E5%86%85%E8%92%99%E5%8F%A4%E9%99%A2%E6%A0%A1&ci=0&pcn=%E9%AB%98%E7%AD%89%E9%99%A2%E6%A0%A1&pci=0&ct=1
241,贵州院校,/f/index/forumpark?cn=%E8%B4%B5%E5%B7%9E%E9%99%A2%E6%A0%A1&ci=0&pcn=%E9%AB%98%E7%AD%89%E9%99%A2%E6%A0%A1&pci=0&ct=1
242,海南院校,/f/index/forumpark?cn=%E6%B5%B7%E5%8D%97%E9%99%A2%E6%A0%A1&ci=0&pcn=%E9%AB%98%E7%AD%89%E9%99%A2%E6%A0%A1&pci=0&ct=1
243,新疆院校,/f/index/forumpark?cn=%E6%96%B0%E7%96%86%E9%99%A2%E6%A0%A1&ci=0&pcn=%E9%AB%98%E7%AD%89%E9%99%A2%E6%A0%A1&pci=0&ct=1
244,宁夏院校,/f/index/forumpark?cn=%E5%AE%81%E5%A4%8F%E9%99%A2%E6%A0%A1&ci=0&pcn=%E9%AB%98%E7%AD%89%E9%99%A2%E6%A0%A1&pci=0&ct=1
245,港澳台院校,/f/index/forumpark?cn=%E6%B8%AF%E6%BE%B3%E5%8F%B0%E9%99%A2%E6%A0%A1&ci=0&pcn=%E9%AB%98%E7%AD%89%E9%99%A2%E6%A0%A1&pci=0&ct=1
246,海外院校,/f/index/forumpark?cn=%E6%B5%B7%E5%A4%96%E9%99%A2%E6%A0%A1&ci=0&pcn=%E9%AB%98%E7%AD%89%E9%99%A2%E6%A0%A1&pci=0&ct=1
247,青海院校,/f/index/forumpark?cn=%E9%9D%92%E6%B5%B7%E9%99%A2%E6%A0%A1&ci=0&pcn=%E9%AB%98%E7%AD%89%E9%99%A2%E6%A0%A1&pci=0&ct=1
248,西藏院校,/f/index/forumpark?cn=%E8%A5%BF%E8%97%8F%E9%99%A2%E6%A0%A1&ci=0&pcn=%E9%AB%98%E7%AD%89%E9%99%A2%E6%A0%A1&pci=0&ct=1
249,学校话题,/f/index/forumpark?cn=%E5%AD%A6%E6%A0%A1%E8%AF%9D%E9%A2%98&ci=0&pcn=%E9%AB%98%E7%AD%89%E9%99%A2%E6%A0%A1&pci=0&ct=1
250,校园青春,/f/index/forumpark?cn=%E6%A0%A1%E5%9B%AD%E9%9D%92%E6%98%A5&ci=0&pcn=%E9%AB%98%E7%AD%89%E9%99%A2%E6%A0%A1&pci=0&ct=1
251,广东中小学,/f/index/forumpark?cn=%E5%B9%BF%E4%B8%9C%E4%B8%AD%E5%B0%8F%E5%AD%A6&ci=0&pcn=%E4%B8%AD%E5%B0%8F%E5%AD%A6&pci=0&ct=1
252,上海中小学,/f/index/forumpark?cn=%E4%B8%8A%E6%B5%B7%E4%B8%AD%E5%B0%8F%E5%AD%A6&ci=0&pcn=%E4%B8%AD%E5%B0%8F%E5%AD%A6&pci=0&ct=1
253,云南中小学,/f/index/forumpark?cn=%E4%BA%91%E5%8D%97%E4%B8%AD%E5%B0%8F%E5%AD%A6&ci=0&pcn=%E4%B8%AD%E5%B0%8F%E5%AD%A6&pci=0&ct=1
254,北京中小学,/f/index/forumpark?cn=%E5%8C%97%E4%BA%AC%E4%B8%AD%E5%B0%8F%E5%AD%A6&ci=0&pcn=%E4%B8%AD%E5%B0%8F%E5%AD%A6&pci=0&ct=1
255,内蒙古中小学,/f/index/forumpark?cn=%E5%86%85%E8%92%99%E5%8F%A4%E4%B8%AD%E5%B0%8F%E5%AD%A6&ci=0&pcn=%E4%B8%AD%E5%B0%8F%E5%AD%A6&pci=0&ct=1
256,吉林中小学,/f/index/forumpark?cn=%E5%90%89%E6%9E%97%E4%B8%AD%E5%B0%8F%E5%AD%A6&ci=0&pcn=%E4%B8%AD%E5%B0%8F%E5%AD%A6&pci=0&ct=1
257,四川中小学,/f/index/forumpark?cn=%E5%9B%9B%E5%B7%9D%E4%B8%AD%E5%B0%8F%E5%AD%A6&ci=0&pcn=%E4%B8%AD%E5%B0%8F%E5%AD%A6&pci=0&ct=1
258,天津中小学,/f/index/forumpark?cn=%E5%A4%A9%E6%B4%A5%E4%B8%AD%E5%B0%8F%E5%AD%A6&ci=0&pcn=%E4%B8%AD%E5%B0%8F%E5%AD%A6&pci=0&ct=1
259,安徽中小学,/f/index/forumpark?cn=%E5%AE%89%E5%BE%BD%E4%B8%AD%E5%B0%8F%E5%AD%A6&ci=0&pcn=%E4%B8%AD%E5%B0%8F%E5%AD%A6&pci=0&ct=1
260,山东中小学,/f/index/forumpark?cn=%E5%B1%B1%E4%B8%9C%E4%B8%AD%E5%B0%8F%E5%AD%A6&ci=0&pcn=%E4%B8%AD%E5%B0%8F%E5%AD%A6&pci=0&ct=1
261,山西中小学,/f/index/forumpark?cn=%E5%B1%B1%E8%A5%BF%E4%B8%AD%E5%B0%8F%E5%AD%A6&ci=0&pcn=%E4%B8%AD%E5%B0%8F%E5%AD%A6&pci=0&ct=1
262,广西中小学,/f/index/forumpark?cn=%E5%B9%BF%E8%A5%BF%E4%B8%AD%E5%B0%8F%E5%AD%A6&ci=0&pcn=%E4%B8%AD%E5%B0%8F%E5%AD%A6&pci=0&ct=1
263,新疆中小学,/f/index/forumpark?cn=%E6%96%B0%E7%96%86%E4%B8%AD%E5%B0%8F%E5%AD%A6&ci=0&pcn=%E4%B8%AD%E5%B0%8F%E5%AD%A6&pci=0&ct=1
264,江苏中小学,/f/index/forumpark?cn=%E6%B1%9F%E8%8B%8F%E4%B8%AD%E5%B0%8F%E5%AD%A6&ci=0&pcn=%E4%B8%AD%E5%B0%8F%E5%AD%A6&pci=0&ct=1
265,江西中小学,/f/index/forumpark?cn=%E6%B1%9F%E8%A5%BF%E4%B8%AD%E5%B0%8F%E5%AD%A6&ci=0&pcn=%E4%B8%AD%E5%B0%8F%E5%AD%A6&pci=0&ct=1
266,河北中小学,/f/index/forumpark?cn=%E6%B2%B3%E5%8C%97%E4%B8%AD%E5%B0%8F%E5%AD%A6&ci=0&pcn=%E4%B8%AD%E5%B0%8F%E5%AD%A6&pci=0&ct=1
267,河南中小学,/f/index/forumpark?cn=%E6%B2%B3%E5%8D%97%E4%B8%AD%E5%B0%8F%E5%AD%A6&ci=0&pcn=%E4%B8%AD%E5%B0%8F%E5%AD%A6&pci=0&ct=1
268,浙江中小学,/f/index/forumpark?cn=%E6%B5%99%E6%B1%9F%E4%B8%AD%E5%B0%8F%E5%AD%A6&ci=0&pcn=%E4%B8%AD%E5%B0%8F%E5%AD%A6&pci=0&ct=1
269,海南中小学,/f/index/forumpark?cn=%E6%B5%B7%E5%8D%97%E4%B8%AD%E5%B0%8F%E5%AD%A6&ci=0&pcn=%E4%B8%AD%E5%B0%8F%E5%AD%A6&pci=0&ct=1
270,湖北中小学,/f/index/forumpark?cn=%E6%B9%96%E5%8C%97%E4%B8%AD%E5%B0%8F%E5%AD%A6&ci=0&pcn=%E4%B8%AD%E5%B0%8F%E5%AD%A6&pci=0&ct=1
271,湖南中小学,/f/index/forumpark?cn=%E6%B9%96%E5%8D%97%E4%B8%AD%E5%B0%8F%E5%AD%A6&ci=0&pcn=%E4%B8%AD%E5%B0%8F%E5%AD%A6&pci=0&ct=1
272,福建中小学,/f/index/forumpark?cn=%E7%A6%8F%E5%BB%BA%E4%B8%AD%E5%B0%8F%E5%AD%A6&ci=0&pcn=%E4%B8%AD%E5%B0%8F%E5%AD%A6&pci=0&ct=1
273,贵州中小学,/f/index/forumpark?cn=%E8%B4%B5%E5%B7%9E%E4%B8%AD%E5%B0%8F%E5%AD%A6&ci=0&pcn=%E4%B8%AD%E5%B0%8F%E5%AD%A6&pci=0&ct=1
274,辽宁中小学,/f/index/forumpark?cn=%E8%BE%BD%E5%AE%81%E4%B8%AD%E5%B0%8F%E5%AD%A6&ci=0&pcn=%E4%B8%AD%E5%B0%8F%E5%AD%A6&pci=0&ct=1
275,重庆中小学,/f/index/forumpark?cn=%E9%87%8D%E5%BA%86%E4%B8%AD%E5%B0%8F%E5%AD%A6&ci=0&pcn=%E4%B8%AD%E5%B0%8F%E5%AD%A6&pci=0&ct=1
276,陕西中小学,/f/index/forumpark?cn=%E9%99%95%E8%A5%BF%E4%B8%AD%E5%B0%8F%E5%AD%A6&ci=0&pcn=%E4%B8%AD%E5%B0%8F%E5%AD%A6&pci=0&ct=1
277,黑龙江中小学,/f/index/forumpark?cn=%E9%BB%91%E9%BE%99%E6%B1%9F%E4%B8%AD%E5%B0%8F%E5%AD%A6&ci=0&pcn=%E4%B8%AD%E5%B0%8F%E5%AD%A6&pci=0&ct=1
278,宁夏中小学,/f/index/forumpark?cn=%E5%AE%81%E5%A4%8F%E4%B8%AD%E5%B0%8F%E5%AD%A6&ci=0&pcn=%E4%B8%AD%E5%B0%8F%E5%AD%A6&pci=0&ct=1
279,西藏中小学,/f/index/forumpark?cn=%E8%A5%BF%E8%97%8F%E4%B8%AD%E5%B0%8F%E5%AD%A6&ci=0&pcn=%E4%B8%AD%E5%B0%8F%E5%AD%A6&pci=0&ct=1
280,青海中小学,/f/index/forumpark?cn=%E9%9D%92%E6%B5%B7%E4%B8%AD%E5%B0%8F%E5%AD%A6&ci=0&pcn=%E4%B8%AD%E5%B0%8F%E5%AD%A6&pci=0&ct=1
281,甘肃中小学,/f/index/forumpark?cn=%E7%94%98%E8%82%83%E4%B8%AD%E5%B0%8F%E5%AD%A6&ci=0&pcn=%E4%B8%AD%E5%B0%8F%E5%AD%A6&pci=0&ct=1
282,其他地区中小学及话题,/f/index/forumpark?cn=%E5%85%B6%E4%BB%96%E5%9C%B0%E5%8C%BA%E4%B8%AD%E5%B0%8F%E5%AD%A6%E5%8F%8A%E8%AF%9D%E9%A2%98&ci=0&pcn=%E4%B8%AD%E5%B0%8F%E5%AD%A6&pci=0&ct=1
283,山东,/f/index/forumpark?cn=%E5%B1%B1%E4%B8%9C&ci=0&pcn=%E5%9C%B0%E5%8C%BA&pci=0&ct=1
284,河北,/f/index/forumpark?cn=%E6%B2%B3%E5%8C%97&ci=0&pcn=%E5%9C%B0%E5%8C%BA&pci=0&ct=1
285,河南,/f/index/forumpark?cn=%E6%B2%B3%E5%8D%97&ci=0&pcn=%E5%9C%B0%E5%8C%BA&pci=0&ct=1
286,山西,/f/index/forumpark?cn=%E5%B1%B1%E8%A5%BF&ci=0&pcn=%E5%9C%B0%E5%8C%BA&pci=0&ct=1
287,江苏,/f/index/forumpark?cn=%E6%B1%9F%E8%8B%8F&ci=0&pcn=%E5%9C%B0%E5%8C%BA&pci=0&ct=1
288,辽宁,/f/index/forumpark?cn=%E8%BE%BD%E5%AE%81&ci=0&pcn=%E5%9C%B0%E5%8C%BA&pci=0&ct=1
289,四川,/f/index/forumpark?cn=%E5%9B%9B%E5%B7%9D&ci=0&pcn=%E5%9C%B0%E5%8C%BA&pci=0&ct=1
290,广东,/f/index/forumpark?cn=%E5%B9%BF%E4%B8%9C&ci=0&pcn=%E5%9C%B0%E5%8C%BA&pci=0&ct=1
291,黑龙江,/f/index/forumpark?cn=%E9%BB%91%E9%BE%99%E6%B1%9F&ci=0&pcn=%E5%9C%B0%E5%8C%BA&pci=0&ct=1
292,陕西,/f/index/forumpark?cn=%E9%99%95%E8%A5%BF&ci=0&pcn=%E5%9C%B0%E5%8C%BA&pci=0&ct=1
293,安徽,/f/index/forumpark?cn=%E5%AE%89%E5%BE%BD&ci=0&pcn=%E5%9C%B0%E5%8C%BA&pci=0&ct=1
294,浙江,/f/index/forumpark?cn=%E6%B5%99%E6%B1%9F&ci=0&pcn=%E5%9C%B0%E5%8C%BA&pci=0&ct=1
295,江西,/f/index/forumpark?cn=%E6%B1%9F%E8%A5%BF&ci=0&pcn=%E5%9C%B0%E5%8C%BA&pci=0&ct=1
296,吉林,/f/index/forumpark?cn=%E5%90%89%E6%9E%97&ci=0&pcn=%E5%9C%B0%E5%8C%BA&pci=0&ct=1
297,内蒙古,/f/index/forumpark?cn=%E5%86%85%E8%92%99%E5%8F%A4&ci=0&pcn=%E5%9C%B0%E5%8C%BA&pci=0&ct=1
298,湖北,/f/index/forumpark?cn=%E6%B9%96%E5%8C%97&ci=0&pcn=%E5%9C%B0%E5%8C%BA&pci=0&ct=1
299,福建,/f/index/forumpark?cn=%E7%A6%8F%E5%BB%BA&ci=0&pcn=%E5%9C%B0%E5%8C%BA&pci=0&ct=1
300,甘肃,/f/index/forumpark?cn=%E7%94%98%E8%82%83&ci=0&pcn=%E5%9C%B0%E5%8C%BA&pci=0&ct=1
301,海外,/f/index/forumpark?cn=%E6%B5%B7%E5%A4%96&ci=0&pcn=%E5%9C%B0%E5%8C%BA&pci=0&ct=1
302,湖南,/f/index/forumpark?cn=%E6%B9%96%E5%8D%97&ci=0&pcn=%E5%9C%B0%E5%8C%BA&pci=0&ct=1
303,贵州,/f/index/forumpark?cn=%E8%B4%B5%E5%B7%9E&ci=0&pcn=%E5%9C%B0%E5%8C%BA&pci=0&ct=1
304,北京,/f/index/forumpark?cn=%E5%8C%97%E4%BA%AC&ci=0&pcn=%E5%9C%B0%E5%8C%BA&pci=0&ct=1
305,云南,/f/index/forumpark?cn=%E4%BA%91%E5%8D%97&ci=0&pcn=%E5%9C%B0%E5%8C%BA&pci=0&ct=1
306,广西,/f/index/forumpark?cn=%E5%B9%BF%E8%A5%BF&ci=0&pcn=%E5%9C%B0%E5%8C%BA&pci=0&ct=1
307,天津,/f/index/forumpark?cn=%E5%A4%A9%E6%B4%A5&ci=0&pcn=%E5%9C%B0%E5%8C%BA&pci=0&ct=1
308,重庆,/f/index/forumpark?cn=%E9%87%8D%E5%BA%86&ci=0&pcn=%E5%9C%B0%E5%8C%BA&pci=0&ct=1
309,上海,/f/index/forumpark?cn=%E4%B8%8A%E6%B5%B7&ci=0&pcn=%E5%9C%B0%E5%8C%BA&pci=0&ct=1
310,宁夏,/f/index/forumpark?cn=%E5%AE%81%E5%A4%8F&ci=0&pcn=%E5%9C%B0%E5%8C%BA&pci=0&ct=1
311,新疆,/f/index/forumpark?cn=%E6%96%B0%E7%96%86&ci=0&pcn=%E5%9C%B0%E5%8C%BA&pci=0&ct=1
312,青海,/f/index/forumpark?cn=%E9%9D%92%E6%B5%B7&ci=0&pcn=%E5%9C%B0%E5%8C%BA&pci=0&ct=1
313,海南,/f/index/forumpark?cn=%E6%B5%B7%E5%8D%97&ci=0&pcn=%E5%9C%B0%E5%8C%BA&pci=0&ct=1
314,港澳台,/f/index/forumpark?cn=%E6%B8%AF%E6%BE%B3%E5%8F%B0&ci=0&pcn=%E5%9C%B0%E5%8C%BA&pci=0&ct=1
315,西藏,/f/index/forumpark?cn=%E8%A5%BF%E8%97%8F&ci=0&pcn=%E5%9C%B0%E5%8C%BA&pci=0&ct=1
316,其他地区及话题,/f/index/forumpark?cn=%E5%85%B6%E4%BB%96%E5%9C%B0%E5%8C%BA%E5%8F%8A%E8%AF%9D%E9%A2%98&ci=0&pcn=%E5%9C%B0%E5%8C%BA&pci=0&ct=1
317,艺术,/f/index/forumpark?cn=%E8%89%BA%E6%9C%AF&ci=0&pcn=%E4%BA%BA%E6%96%87%E8%87%AA%E7%84%B6&pci=0&ct=1
318,军事,/f/index/forumpark?cn=%E5%86%9B%E4%BA%8B&ci=0&pcn=%E4%BA%BA%E6%96%87%E8%87%AA%E7%84%B6&pci=0&ct=1
319,历史,/f/index/forumpark?cn=%E5%8E%86%E5%8F%B2&ci=0&pcn=%E4%BA%BA%E6%96%87%E8%87%AA%E7%84%B6&pci=0&ct=1
320,自然,/f/index/forumpark?cn=%E8%87%AA%E7%84%B6&ci=0&pcn=%E4%BA%BA%E6%96%87%E8%87%AA%E7%84%B6&pci=0&ct=1
321,鉴赏收藏,/f/index/forumpark?cn=%E9%89%B4%E8%B5%8F%E6%94%B6%E8%97%8F&ci=0&pcn=%E4%BA%BA%E6%96%87%E8%87%AA%E7%84%B6&pci=0&ct=1
322,民族文化,/f/index/forumpark?cn=%E6%B0%91%E6%97%8F%E6%96%87%E5%8C%96&ci=0&pcn=%E4%BA%BA%E6%96%87%E8%87%AA%E7%84%B6&pci=0&ct=1
323,语言文化,/f/index/forumpark?cn=%E8%AF%AD%E8%A8%80%E6%96%87%E5%8C%96&ci=0&pcn=%E4%BA%BA%E6%96%87%E8%87%AA%E7%84%B6&pci=0&ct=1
324,动植物,/f/index/forumpark?cn=%E5%8A%A8%E6%A4%8D%E7%89%A9&ci=0&pcn=%E4%BA%BA%E6%96%87%E8%87%AA%E7%84%B6&pci=0&ct=1
325,姓氏文化,/f/index/forumpark?cn=%E5%A7%93%E6%B0%8F%E6%96%87%E5%8C%96&ci=0&pcn=%E4%BA%BA%E6%96%87%E8%87%AA%E7%84%B6&pci=0&ct=1
326,社会科学话题,/f/index/forumpark?cn=%E7%A4%BE%E4%BC%9A%E7%A7%91%E5%AD%A6%E8%AF%9D%E9%A2%98&ci=0&pcn=%E4%BA%BA%E6%96%87%E8%87%AA%E7%84%B6&pci=0&ct=1
327,其他人文话题,/f/index/forumpark?cn=%E5%85%B6%E4%BB%96%E4%BA%BA%E6%96%87%E8%AF%9D%E9%A2%98&ci=0&pcn=%E4%BA%BA%E6%96%87%E8%87%AA%E7%84%B6&pci=0&ct=1
328,其他自然话题,/f/index/forumpark?cn=%E5%85%B6%E4%BB%96%E8%87%AA%E7%84%B6%E8%AF%9D%E9%A2%98&ci=0&pcn=%E4%BA%BA%E6%96%87%E8%87%AA%E7%84%B6&pci=0&ct=1
329,辩证,/f/index/forumpark?cn=%E8%BE%A9%E8%AF%81&ci=101&pcn=%E6%8E%A2%E7%B4%A2%E8%80%85&pci=100&ct=0
330,地理,/f/index/forumpark?cn=%E5%9C%B0%E7%90%86&ci=102&pcn=%E6%8E%A2%E7%B4%A2%E8%80%85&pci=100&ct=0
331,方言,/f/index/forumpark?cn=%E6%96%B9%E8%A8%80&ci=103&pcn=%E6%8E%A2%E7%B4%A2%E8%80%85&pci=100&ct=0
332,攻略,/f/index/forumpark?cn=%E6%94%BB%E7%95%A5&ci=104&pcn=%E6%8E%A2%E7%B4%A2%E8%80%85&pci=100&ct=0
333,建筑,/f/index/forumpark?cn=%E5%BB%BA%E7%AD%91&ci=105&pcn=%E6%8E%A2%E7%B4%A2%E8%80%85&pci=100&ct=0
334,教学,/f/index/forumpark?cn=%E6%95%99%E5%AD%A6&ci=106&pcn=%E6%8E%A2%E7%B4%A2%E8%80%85&pci=100&ct=0
335,冷门,/f/index/forumpark?cn=%E5%86%B7%E9%97%A8&ci=107&pcn=%E6%8E%A2%E7%B4%A2%E8%80%85&pci=100&ct=0
336,点评,/f/index/forumpark?cn=%E7%82%B9%E8%AF%84&ci=108&pcn=%E6%8E%A2%E7%B4%A2%E8%80%85&pci=100&ct=0
337,物理,/f/index/forumpark?cn=%E7%89%A9%E7%90%86&ci=109&pcn=%E6%8E%A2%E7%B4%A2%E8%80%85&pci=100&ct=0
338,心理学,/f/index/forumpark?cn=%E5%BF%83%E7%90%86%E5%AD%A6&ci=110&pcn=%E6%8E%A2%E7%B4%A2%E8%80%85&pci=100&ct=0
339,大自然,/f/index/forumpark?cn=%E5%A4%A7%E8%87%AA%E7%84%B6&ci=114&pcn=%E6%8E%A2%E7%B4%A2%E8%80%85&pci=100&ct=0
340,科学,/f/index/forumpark?cn=%E7%A7%91%E5%AD%A6&ci=116&pcn=%E6%8E%A2%E7%B4%A2%E8%80%85&pci=100&ct=0
341,信仰,/f/index/forumpark?cn=%E4%BF%A1%E4%BB%B0&ci=267&pcn=%E6%8E%A2%E7%B4%A2%E8%80%85&pci=100&ct=0
342,修炼,/f/index/forumpark?cn=%E4%BF%AE%E7%82%BC&ci=268&pcn=%E6%8E%A2%E7%B4%A2%E8%80%85&pci=100&ct=0
343,宗教研究,/f/index/forumpark?cn=%E5%AE%97%E6%95%99%E7%A0%94%E7%A9%B6&ci=269&pcn=%E6%8E%A2%E7%B4%A2%E8%80%85&pci=100&ct=0
344,神秘行为,/f/index/forumpark?cn=%E7%A5%9E%E7%A7%98%E8%A1%8C%E4%B8%BA&ci=270&pcn=%E6%8E%A2%E7%B4%A2%E8%80%85&pci=100&ct=0
345,休闲活动,/f/index/forumpark?cn=%E4%BC%91%E9%97%B2%E6%B4%BB%E5%8A%A8&ci=0&pcn=%E7%94%9F%E6%B4%BB&pci=0&ct=1
346,兴趣收藏,/f/index/forumpark?cn=%E5%85%B4%E8%B6%A3%E6%94%B6%E8%97%8F&ci=0&pcn=%E7%94%9F%E6%B4%BB&pci=0&ct=1
347,贴图,/f/index/forumpark?cn=%E8%B4%B4%E5%9B%BE&ci=0&pcn=%E7%94%9F%E6%B4%BB&pci=0&ct=1
348,宠物,/f/index/forumpark?cn=%E5%AE%A0%E7%89%A9&ci=0&pcn=%E7%94%9F%E6%B4%BB&pci=0&ct=1
349,娱乐八卦,/f/index/forumpark?cn=%E5%A8%B1%E4%B9%90%E5%85%AB%E5%8D%A6&ci=0&pcn=%E7%94%9F%E6%B4%BB&pci=0&ct=1
350,星座运势,/f/index/forumpark?cn=%E6%98%9F%E5%BA%A7%E8%BF%90%E5%8A%BF&ci=0&pcn=%E7%94%9F%E6%B4%BB&pci=0&ct=1
351,旅游,/f/index/forumpark?cn=%E6%97%85%E6%B8%B8&ci=0&pcn=%E7%94%9F%E6%B4%BB&pci=0&ct=1
352,时尚美容,/f/index/forumpark?cn=%E6%97%B6%E5%B0%9A%E7%BE%8E%E5%AE%B9&ci=0&pcn=%E7%94%9F%E6%B4%BB&pci=0&ct=1
353,饮食,/f/index/forumpark?cn=%E9%A5%AE%E9%A3%9F&ci=0&pcn=%E7%94%9F%E6%B4%BB&pci=0&ct=1
354,杂志期刊,/f/index/forumpark?cn=%E6%9D%82%E5%BF%97%E6%9C%9F%E5%88%8A&ci=0&pcn=%E7%94%9F%E6%B4%BB&pci=0&ct=1
355,母婴,/f/index/forumpark?cn=%E6%AF%8D%E5%A9%B4&ci=0&pcn=%E7%94%9F%E6%B4%BB&pci=0&ct=1
356,节日,/f/index/forumpark?cn=%E8%8A%82%E6%97%A5&ci=0&pcn=%E7%94%9F%E6%B4%BB&pci=0&ct=1
357,健康保健,/f/index/forumpark?cn=%E5%81%A5%E5%BA%B7%E4%BF%9D%E5%81%A5&ci=0&pcn=%E7%94%9F%E6%B4%BB&pci=0&ct=1
358,原创音视频话题,/f/index/forumpark?cn=%E5%8E%9F%E5%88%9B%E9%9F%B3%E8%A7%86%E9%A2%91%E8%AF%9D%E9%A2%98&ci=0&pcn=%E7%94%9F%E6%B4%BB&pci=0&ct=1
359,其他生活话题,/f/index/forumpark?cn=%E5%85%B6%E4%BB%96%E7%94%9F%E6%B4%BB%E8%AF%9D%E9%A2%98&ci=0&pcn=%E7%94%9F%E6%B4%BB&pci=0&ct=1
360,搞笑,/f/index/forumpark?cn=%E6%90%9E%E7%AC%91&ci=0&pcn=%E7%94%9F%E6%B4%BB&pci=0&ct=1
361,个护化妆,/f/index/forumpark?cn=%E4%B8%AA%E6%8A%A4%E5%8C%96%E5%A6%86&ci=0&pcn=%E7%94%9F%E6%B4%BB%E7%94%A8%E5%93%81&pci=0&ct=1
362,交通工具、配件及设施,/f/index/forumpark?cn=%E4%BA%A4%E9%80%9A%E5%B7%A5%E5%85%B7%E3%80%81%E9%85%8D%E4%BB%B6%E5%8F%8A%E8%AE%BE%E6%96%BD&ci=0&pcn=%E7%94%9F%E6%B4%BB%E7%94%A8%E5%93%81&pci=0&ct=1
363,汽车及配件,/f/index/forumpark?cn=%E6%B1%BD%E8%BD%A6%E5%8F%8A%E9%85%8D%E4%BB%B6&ci=0&pcn=%E7%94%9F%E6%B4%BB%E7%94%A8%E5%93%81&pci=0&ct=1
364,医药保健,/f/index/forumpark?cn=%E5%8C%BB%E8%8D%AF%E4%BF%9D%E5%81%A5&ci=0&pcn=%E7%94%9F%E6%B4%BB%E7%94%A8%E5%93%81&pci=0&ct=1
365,家居用品,/f/index/forumpark?cn=%E5%AE%B6%E5%B1%85%E7%94%A8%E5%93%81&ci=0&pcn=%E7%94%9F%E6%B4%BB%E7%94%A8%E5%93%81&pci=0&ct=1
366,文教·体育·娱乐和工美用品,/f/index/forumpark?cn=%E6%96%87%E6%95%99%C2%B7%E4%BD%93%E8%82%B2%C2%B7%E5%A8%B1%E4%B9%90%E5%92%8C%E5%B7%A5%E7%BE%8E%E7%94%A8%E5%93%81&ci=0&pcn=%E7%94%9F%E6%B4%BB%E7%94%A8%E5%93%81&pci=0&ct=1
367,服装服饰,/f/index/forumpark?cn=%E6%9C%8D%E8%A3%85%E6%9C%8D%E9%A5%B0&ci=0&pcn=%E7%94%9F%E6%B4%BB%E7%94%A8%E5%93%81&pci=0&ct=1
368,箱包配饰,/f/index/forumpark?cn=%E7%AE%B1%E5%8C%85%E9%85%8D%E9%A5%B0&ci=0&pcn=%E7%94%9F%E6%B4%BB%E7%94%A8%E5%93%81&pci=0&ct=1
369,食品饮料,/f/index/forumpark?cn=%E9%A3%9F%E5%93%81%E9%A5%AE%E6%96%99&ci=0&pcn=%E7%94%9F%E6%B4%BB%E7%94%A8%E5%93%81&pci=0&ct=1
370,其他生活用品及话题,/f/index/forumpark?cn=%E5%85%B6%E4%BB%96%E7%94%9F%E6%B4%BB%E7%94%A8%E5%93%81%E5%8F%8A%E8%AF%9D%E9%A2%98&ci=0&pcn=%E7%94%9F%E6%B4%BB%E7%94%A8%E5%93%81&pci=0&ct=1
371,交通运输,/f/index/forumpark?cn=%E4%BA%A4%E9%80%9A%E8%BF%90%E8%BE%93&ci=0&pcn=%E5%95%86%E4%B8%9A%E6%9C%8D%E5%8A%A1&pci=0&ct=1
372,商务服务,/f/index/forumpark?cn=%E5%95%86%E5%8A%A1%E6%9C%8D%E5%8A%A1&ci=0&pcn=%E5%95%86%E4%B8%9A%E6%9C%8D%E5%8A%A1&pci=0&ct=1
373,开采·加工,/f/index/forumpark?cn=%E5%BC%80%E9%87%87%C2%B7%E5%8A%A0%E5%B7%A5&ci=0&pcn=%E5%95%86%E4%B8%9A%E6%9C%8D%E5%8A%A1&pci=0&ct=1
374,生活服务,/f/index/forumpark?cn=%E7%94%9F%E6%B4%BB%E6%9C%8D%E5%8A%A1&ci=0&pcn=%E5%95%86%E4%B8%9A%E6%9C%8D%E5%8A%A1&pci=0&ct=1
375,网络通信服务,/f/index/forumpark?cn=%E7%BD%91%E7%BB%9C%E9%80%9A%E4%BF%A1%E6%9C%8D%E5%8A%A1&ci=0&pcn=%E5%95%86%E4%B8%9A%E6%9C%8D%E5%8A%A1&pci=0&ct=1
376,其他类型服务,/f/index/forumpark?cn=%E5%85%B6%E4%BB%96%E7%B1%BB%E5%9E%8B%E6%9C%8D%E5%8A%A1&ci=0&pcn=%E5%95%86%E4%B8%9A%E6%9C%8D%E5%8A%A1&pci=0&ct=1
377,恋爱,/f/index/forumpark?cn=%E6%81%8B%E7%88%B1&ci=0&pcn=%E6%83%85%E6%84%9F&pci=0&ct=1
378,美色,/f/index/forumpark?cn=%E7%BE%8E%E8%89%B2&ci=0&pcn=%E6%83%85%E6%84%9F&pci=0&ct=1
379,年代秀,/f/index/forumpark?cn=%E5%B9%B4%E4%BB%A3%E7%A7%80&ci=0&pcn=%E6%83%85%E6%84%9F&pci=0&ct=1
380,婚姻家庭,/f/index/forumpark?cn=%E5%A9%9A%E5%A7%BB%E5%AE%B6%E5%BA%AD&ci=0&pcn=%E6%83%85%E6%84%9F&pci=0&ct=1
381,女性话题,/f/index/forumpark?cn=%E5%A5%B3%E6%80%A7%E8%AF%9D%E9%A2%98&ci=0&pcn=%E6%83%85%E6%84%9F&pci=0&ct=1
382,男性话题,/f/index/forumpark?cn=%E7%94%B7%E6%80%A7%E8%AF%9D%E9%A2%98&ci=0&pcn=%E6%83%85%E6%84%9F&pci=0&ct=1
383,感情文化,/f/index/forumpark?cn=%E6%84%9F%E6%83%85%E6%96%87%E5%8C%96&ci=0&pcn=%E6%83%85%E6%84%9F&pci=0&ct=1
384,情感生活,/f/index/forumpark?cn=%E6%83%85%E6%84%9F%E7%94%9F%E6%B4%BB&ci=0&pcn=%E6%83%85%E6%84%9F&pci=0&ct=1
385,其他情感话题,/f/index/forumpark?cn=%E5%85%B6%E4%BB%96%E6%83%85%E6%84%9F%E8%AF%9D%E9%A2%98&ci=0&pcn=%E6%83%85%E6%84%9F&pci=0&ct=1
386,手机,/f/index/forumpark?cn=%E6%89%8B%E6%9C%BA&ci=0&pcn=%E7%94%B5%E8%84%91%E6%95%B0%E7%A0%81&pci=0&ct=1
387,数码家电,/f/index/forumpark?cn=%E6%95%B0%E7%A0%81%E5%AE%B6%E7%94%B5&ci=0&pcn=%E7%94%B5%E8%84%91%E6%95%B0%E7%A0%81&pci=0&ct=1
388,电脑及硬件,/f/index/forumpark?cn=%E7%94%B5%E8%84%91%E5%8F%8A%E7%A1%AC%E4%BB%B6&ci=0&pcn=%E7%94%B5%E8%84%91%E6%95%B0%E7%A0%81&pci=0&ct=1
389,电脑数码话题,/f/index/forumpark?cn=%E7%94%B5%E8%84%91%E6%95%B0%E7%A0%81%E8%AF%9D%E9%A2%98&ci=0&pcn=%E7%94%B5%E8%84%91%E6%95%B0%E7%A0%81&pci=0&ct=1
390,公益慈善,/f/index/forumpark?cn=%E5%85%AC%E7%9B%8A%E6%85%88%E5%96%84&ci=0&pcn=%E7%A4%BE%E4%BC%9A&pci=0&ct=1
391,医疗机构,/f/index/forumpark?cn=%E5%8C%BB%E7%96%97%E6%9C%BA%E6%9E%84&ci=0&pcn=%E7%A4%BE%E4%BC%9A&pci=0&ct=1
392,社会事件及话题,/f/index/forumpark?cn=%E7%A4%BE%E4%BC%9A%E4%BA%8B%E4%BB%B6%E5%8F%8A%E8%AF%9D%E9%A2%98&ci=0&pcn=%E7%A4%BE%E4%BC%9A&pci=0&ct=1
393,社会机构,/f/index/forumpark?cn=%E7%A4%BE%E4%BC%9A%E6%9C%BA%E6%9E%84&ci=0&pcn=%E7%A4%BE%E4%BC%9A&pci=0&ct=1
394,职业话题,/f/index/forumpark?cn=%E8%81%8C%E4%B8%9A%E8%AF%9D%E9%A2%98&ci=0&pcn=%E7%A4%BE%E4%BC%9A&pci=0&ct=1
395,培训机构,/f/index/forumpark?cn=%E5%9F%B9%E8%AE%AD%E6%9C%BA%E6%9E%84&ci=0&pcn=%E6%95%99%E8%82%B2%E5%9F%B9%E8%AE%AD&pci=0&ct=1
396,基础教育,/f/index/forumpark?cn=%E5%9F%BA%E7%A1%80%E6%95%99%E8%82%B2&ci=0&pcn=%E6%95%99%E8%82%B2%E5%9F%B9%E8%AE%AD&pci=0&ct=1
397,外语学习,/f/index/forumpark?cn=%E5%A4%96%E8%AF%AD%E5%AD%A6%E4%B9%A0&ci=0&pcn=%E6%95%99%E8%82%B2%E5%9F%B9%E8%AE%AD&pci=0&ct=1
398,教育话题,/f/index/forumpark?cn=%E6%95%99%E8%82%B2%E8%AF%9D%E9%A2%98&ci=0&pcn=%E6%95%99%E8%82%B2%E5%9F%B9%E8%AE%AD&pci=0&ct=1
399,留学,/f/index/forumpark?cn=%E7%95%99%E5%AD%A6&ci=0&pcn=%E6%95%99%E8%82%B2%E5%9F%B9%E8%AE%AD&pci=0&ct=1
400,职业技能考试与培训,/f/index/forumpark?cn=%E8%81%8C%E4%B8%9A%E6%8A%80%E8%83%BD%E8%80%83%E8%AF%95%E4%B8%8E%E5%9F%B9%E8%AE%AD&ci=0&pcn=%E6%95%99%E8%82%B2%E5%9F%B9%E8%AE%AD&pci=0&ct=1
401,高等教育,/f/index/forumpark?cn=%E9%AB%98%E7%AD%89%E6%95%99%E8%82%B2&ci=0&pcn=%E6%95%99%E8%82%B2%E5%9F%B9%E8%AE%AD&pci=0&ct=1
402,中国古代历史人物,/f/index/forumpark?cn=%E4%B8%AD%E5%9B%BD%E5%8F%A4%E4%BB%A3%E5%8E%86%E5%8F%B2%E4%BA%BA%E7%89%A9&ci=0&pcn=%E5%8E%86%E5%8F%B2%E4%BA%BA%E7%89%A9&pci=0&ct=1
403,中国近现代历史人物,/f/index/forumpark?cn=%E4%B8%AD%E5%9B%BD%E8%BF%91%E7%8E%B0%E4%BB%A3%E5%8E%86%E5%8F%B2%E4%BA%BA%E7%89%A9&ci=0&pcn=%E5%8E%86%E5%8F%B2%E4%BA%BA%E7%89%A9&pci=0&ct=1
404,历史人物话题,/f/index/forumpark?cn=%E5%8E%86%E5%8F%B2%E4%BA%BA%E7%89%A9%E8%AF%9D%E9%A2%98&ci=0&pcn=%E5%8E%86%E5%8F%B2%E4%BA%BA%E7%89%A9&pci=0&ct=1
405,外国历史人物,/f/index/forumpark?cn=%E5%A4%96%E5%9B%BD%E5%8E%86%E5%8F%B2%E4%BA%BA%E7%89%A9&ci=0&pcn=%E5%8E%86%E5%8F%B2%E4%BA%BA%E7%89%A9&pci=0&ct=1
406,其他当代人物,/f/index/forumpark?cn=%E5%85%B6%E4%BB%96%E5%BD%93%E4%BB%A3%E4%BA%BA%E7%89%A9&ci=0&pcn=%E5%BD%93%E4%BB%A3%E4%BA%BA%E7%89%A9&pci=0&ct=1
407,商业人物,/f/index/forumpark?cn=%E5%95%86%E4%B8%9A%E4%BA%BA%E7%89%A9&ci=0&pcn=%E5%BD%93%E4%BB%A3%E4%BA%BA%E7%89%A9&pci=0&ct=1
408,当代军事政治人物,/f/index/forumpark?cn=%E5%BD%93%E4%BB%A3%E5%86%9B%E4%BA%8B%E6%94%BF%E6%B2%BB%E4%BA%BA%E7%89%A9&ci=0&pcn=%E5%BD%93%E4%BB%A3%E4%BA%BA%E7%89%A9&pci=0&ct=1
409,当代社会科学人物,/f/index/forumpark?cn=%E5%BD%93%E4%BB%A3%E7%A4%BE%E4%BC%9A%E7%A7%91%E5%AD%A6%E4%BA%BA%E7%89%A9&ci=0&pcn=%E5%BD%93%E4%BB%A3%E4%BA%BA%E7%89%A9&pci=0&ct=1
410,当代自然科学人物,/f/index/forumpark?cn=%E5%BD%93%E4%BB%A3%E8%87%AA%E7%84%B6%E7%A7%91%E5%AD%A6%E4%BA%BA%E7%89%A9&ci=0&pcn=%E5%BD%93%E4%BB%A3%E4%BA%BA%E7%89%A9&pci=0&ct=1
411,当代艺术人物,/f/index/forumpark?cn=%E5%BD%93%E4%BB%A3%E8%89%BA%E6%9C%AF%E4%BA%BA%E7%89%A9&ci=0&pcn=%E5%BD%93%E4%BB%A3%E4%BA%BA%E7%89%A9&pci=0&ct=1
412,热点新闻人物,/f/index/forumpark?cn=%E7%83%AD%E7%82%B9%E6%96%B0%E9%97%BB%E4%BA%BA%E7%89%A9&ci=0&pcn=%E5%BD%93%E4%BB%A3%E4%BA%BA%E7%89%A9&pci=0&ct=1
413,互联网产品及话题,/f/index/forumpark?cn=%E4%BA%92%E8%81%94%E7%BD%91%E4%BA%A7%E5%93%81%E5%8F%8A%E8%AF%9D%E9%A2%98&ci=0&pcn=%E7%A7%91%E5%AD%A6%E6%8A%80%E6%9C%AF&pci=0&ct=1
414,程序设计,/f/index/forumpark?cn=%E7%A8%8B%E5%BA%8F%E8%AE%BE%E8%AE%A1&ci=0&pcn=%E7%A7%91%E5%AD%A6%E6%8A%80%E6%9C%AF&pci=0&ct=1
415,自然科学话题,/f/index/forumpark?cn=%E8%87%AA%E7%84%B6%E7%A7%91%E5%AD%A6%E8%AF%9D%E9%A2%98&ci=0&pcn=%E7%A7%91%E5%AD%A6%E6%8A%80%E6%9C%AF&pci=0&ct=1
416,计算机软件,/f/index/forumpark?cn=%E8%AE%A1%E7%AE%97%E6%9C%BA%E8%BD%AF%E4%BB%B6&ci=0&pcn=%E7%A7%91%E5%AD%A6%E6%8A%80%E6%9C%AF&pci=0&ct=1
417,其他科技话题,/f/index/forumpark?cn=%E5%85%B6%E4%BB%96%E7%A7%91%E6%8A%80%E8%AF%9D%E9%A2%98&ci=0&pcn=%E7%A7%91%E5%AD%A6%E6%8A%80%E6%9C%AF&pci=0&ct=1
418,其他计算机相关,/f/index/forumpark?cn=%E5%85%B6%E4%BB%96%E8%AE%A1%E7%AE%97%E6%9C%BA%E7%9B%B8%E5%85%B3&ci=0&pcn=%E7%A7%91%E5%AD%A6%E6%8A%80%E6%9C%AF&pci=0&ct=1
419,B股,/f/index/forumpark?cn=B%E8%82%A1&ci=0&pcn=%E9%87%91%E8%9E%8D&pci=0&ct=1
420,基金,/f/index/forumpark?cn=%E5%9F%BA%E9%87%91&ci=0&pcn=%E9%87%91%E8%9E%8D&pci=0&ct=1
421,期货/权证,/f/index/forumpark?cn=%E6%9C%9F%E8%B4%A7%2F%E6%9D%83%E8%AF%81&ci=0&pcn=%E9%87%91%E8%9E%8D&pci=0&ct=1
422,沪市A股,/f/index/forumpark?cn=%E6%B2%AA%E5%B8%82A%E8%82%A1&ci=0&pcn=%E9%87%91%E8%9E%8D&pci=0&ct=1
423,深市A股,/f/index/forumpark?cn=%E6%B7%B1%E5%B8%82A%E8%82%A1&ci=0&pcn=%E9%87%91%E8%9E%8D&pci=0&ct=1
424,金融组织机构,/f/index/forumpark?cn=%E9%87%91%E8%9E%8D%E7%BB%84%E7%BB%87%E6%9C%BA%E6%9E%84&ci=0&pcn=%E9%87%91%E8%9E%8D&pci=0&ct=1
425,其他金融服务及产品,/f/index/forumpark?cn=%E5%85%B6%E4%BB%96%E9%87%91%E8%9E%8D%E6%9C%8D%E5%8A%A1%E5%8F%8A%E4%BA%A7%E5%93%81&ci=0&pcn=%E9%87%91%E8%9E%8D&pci=0&ct=1
426,美容保健,/f/index/forumpark?cn=%E7%BE%8E%E5%AE%B9%E4%BF%9D%E5%81%A5&ci=0&pcn=%E4%BC%81%E4%B8%9A&pci=0&ct=1
427,互联网企业,/f/index/forumpark?cn=%E4%BA%92%E8%81%94%E7%BD%91%E4%BC%81%E4%B8%9A&ci=0&pcn=%E4%BC%81%E4%B8%9A&pci=0&ct=1
428,交通运输、仓储和邮政业,/f/index/forumpark?cn=%E4%BA%A4%E9%80%9A%E8%BF%90%E8%BE%93%E3%80%81%E4%BB%93%E5%82%A8%E5%92%8C%E9%82%AE%E6%94%BF%E4%B8%9A&ci=0&pcn=%E4%BC%81%E4%B8%9A&pci=0&ct=1
429,企业话题,/f/index/forumpark?cn=%E4%BC%81%E4%B8%9A%E8%AF%9D%E9%A2%98&ci=0&pcn=%E4%BC%81%E4%B8%9A&pci=0&ct=1
430,餐饮美食,/f/index/forumpark?cn=%E9%A4%90%E9%A5%AE%E7%BE%8E%E9%A3%9F&ci=0&pcn=%E4%BC%81%E4%B8%9A&pci=0&ct=1
431,农林牧渔,/f/index/forumpark?cn=%E5%86%9C%E6%9E%97%E7%89%A7%E6%B8%94&ci=0&pcn=%E4%BC%81%E4%B8%9A&pci=0&ct=1
432,包装/印刷/纸业,/f/index/forumpark?cn=%E5%8C%85%E8%A3%85%2F%E5%8D%B0%E5%88%B7%2F%E7%BA%B8%E4%B8%9A&ci=0&pcn=%E4%BC%81%E4%B8%9A&pci=0&ct=1
433,医药保健企业,/f/index/forumpark?cn=%E5%8C%BB%E8%8D%AF%E4%BF%9D%E5%81%A5%E4%BC%81%E4%B8%9A&ci=0&pcn=%E4%BC%81%E4%B8%9A&pci=0&ct=1
434,商务服务业,/f/index/forumpark?cn=%E5%95%86%E5%8A%A1%E6%9C%8D%E5%8A%A1%E4%B8%9A&ci=0&pcn=%E4%BC%81%E4%B8%9A&pci=0&ct=1
435,家居用品,/f/index/forumpark?cn=%E5%AE%B6%E5%B1%85%E7%94%A8%E5%93%81&ci=0&pcn=%E4%BC%81%E4%B8%9A&pci=0&ct=1
436,建筑业,/f/index/forumpark?cn=%E5%BB%BA%E7%AD%91%E4%B8%9A&ci=0&pcn=%E4%BC%81%E4%B8%9A&pci=0&ct=1
437,房地产,/f/index/forumpark?cn=%E6%88%BF%E5%9C%B0%E4%BA%A7&ci=0&pcn=%E4%BC%81%E4%B8%9A&pci=0&ct=1
438,批发零售业,/f/index/forumpark?cn=%E6%89%B9%E5%8F%91%E9%9B%B6%E5%94%AE%E4%B8%9A&ci=0&pcn=%E4%BC%81%E4%B8%9A&pci=0&ct=1
439,数码家电,/f/index/forumpark?cn=%E6%95%B0%E7%A0%81%E5%AE%B6%E7%94%B5&ci=0&pcn=%E4%BC%81%E4%B8%9A&pci=0&ct=1
440,娱乐休闲,/f/index/forumpark?cn=%E5%A8%B1%E4%B9%90%E4%BC%91%E9%97%B2&ci=0&pcn=%E4%BC%81%E4%B8%9A&pci=0&ct=1
441,服装服饰企业,/f/index/forumpark?cn=%E6%9C%8D%E8%A3%85%E6%9C%8D%E9%A5%B0%E4%BC%81%E4%B8%9A&ci=0&pcn=%E4%BC%81%E4%B8%9A&pci=0&ct=1
442,机械设备,/f/index/forumpark?cn=%E6%9C%BA%E6%A2%B0%E8%AE%BE%E5%A4%87&ci=0&pcn=%E4%BC%81%E4%B8%9A&pci=0&ct=1
443,汽车制造业,/f/index/forumpark?cn=%E6%B1%BD%E8%BD%A6%E5%88%B6%E9%80%A0%E4%B8%9A&ci=0&pcn=%E4%BC%81%E4%B8%9A&pci=0&ct=1
444,生活服务业,/f/index/forumpark?cn=%E7%94%9F%E6%B4%BB%E6%9C%8D%E5%8A%A1%E4%B8%9A&ci=0&pcn=%E4%BC%81%E4%B8%9A&pci=0&ct=1
445,IT行业,/f/index/forumpark?cn=IT%E8%A1%8C%E4%B8%9A&ci=0&pcn=%E4%BC%81%E4%B8%9A&pci=0&ct=1
446,商场购物,/f/index/forumpark?cn=%E5%95%86%E5%9C%BA%E8%B4%AD%E7%89%A9&ci=0&pcn=%E4%BC%81%E4%B8%9A&pci=0&ct=1
447,纺织/化工/化学品,/f/index/forumpark?cn=%E7%BA%BA%E7%BB%87%2F%E5%8C%96%E5%B7%A5%2F%E5%8C%96%E5%AD%A6%E5%93%81&ci=0&pcn=%E4%BC%81%E4%B8%9A&pci=0&ct=1
448,能源/冶金/建材,/f/index/forumpark?cn=%E8%83%BD%E6%BA%90%2F%E5%86%B6%E9%87%91%2F%E5%BB%BA%E6%9D%90&ci=0&pcn=%E4%BC%81%E4%B8%9A&pci=0&ct=1
449,其他类型企业,/f/index/forumpark?cn=%E5%85%B6%E4%BB%96%E7%B1%BB%E5%9E%8B%E4%BC%81%E4%B8%9A&ci=0&pcn=%E4%BC%81%E4%B8%9A&pci=0&ct=1
450,食品饮料企业,/f/index/forumpark?cn=%E9%A3%9F%E5%93%81%E9%A5%AE%E6%96%99%E4%BC%81%E4%B8%9A&ci=0&pcn=%E4%BC%81%E4%B8%9A&pci=0&ct=1
451,贴吧管理中心,/f/index/forumpark?cn=%E8%B4%B4%E5%90%A7%E7%AE%A1%E7%90%86%E4%B8%AD%E5%BF%83&ci=0&pcn=%E7%99%BE%E5%BA%A6%E6%9C%8D%E5%8A%A1%E4%B8%AD%E5%BF%83&pci=0&ct=1
452,贴吧活动与交流,/f/index/forumpark?cn=%E8%B4%B4%E5%90%A7%E6%B4%BB%E5%8A%A8%E4%B8%8E%E4%BA%A4%E6%B5%81&ci=0&pcn=%E7%99%BE%E5%BA%A6%E6%9C%8D%E5%8A%A1%E4%B8%AD%E5%BF%83&pci=0&ct=1
453,百度其他产品,/f/index/forumpark?cn=%E7%99%BE%E5%BA%A6%E5%85%B6%E4%BB%96%E4%BA%A7%E5%93%81&ci=0&pcn=%E7%99%BE%E5%BA%A6%E6%9C%8D%E5%8A%A1%E4%B8%AD%E5%BF%83&pci=0&ct=1
