num	attraction	latitude	longitude
1	National Gallery	51.508039	-0.128069
2	British Museum	51.5183664	-0.1258386
3	V&A - Victoria and Albert Museum	51.4949783	-0.1841029
4	Churchill War Rooms	51.5020865	-0.1287296
5	St. James's Park	51.5048871	-0.1270364
6	Houses of Parliament	51.5006826	-0.1274981
7	Hyde Park	51.5074317	-0.1657083
8	Borough Market	51.5055013	-0.09082259999999999
9	Tower of London	51.5095581	-0.0759519
10	Tower Bridge	51.4987929	-0.07924729999999999
11	Westminster Abbey	51.4985472	-0.1296097
12	Sky Garden	51.5111997	-0.08354099999999999
13	Natural History Museum	51.4949783	-0.1841029
14	Buckingham Palace	51.501364	-0.14189
15	St. Paul's Cathedral	51.5132942	-0.0989009
16	Camden Market	51.54150449999999	-0.1463635
17	Big Ben	51.4994794	-0.1248092
18	Covent Garden	51.5132825	-0.1234333
19	London Underground	51.49787689999999	-0.1351885
20	The View from The Shard	51.5052166	-0.08691299999999999
21	London Buses	51.49787689999999	-0.1351885
22	Coca-Cola London Eye	51.501485	-0.11864
23	Brick Lane Music Hall	51.502657	0.0428071
24	Harrods	51.4991786	-0.1629932
25	School Of Rock The Musical	51.5152673	-0.1226493
26	Up at The O2	51.503038	0.0031543
27	The All England Lawn Tennis Club	51.4342911	-0.2144883
28	Wallace Collection	51.5174543	-0.153022
29	Royal Opera House	51.5132825	-0.1234333
30	City of London Distillery	51.5138967	-0.1050804
31	Wigmore Hall	51.5166232	-0.1482304
32	Old Royal Naval College	51.4827098	-0.0085177
33	The Courtauld Gallery	51.511059	-0.117148
34	Regent's Park	51.52828239999999	-0.1498389
35	Two Temple Place	51.51161519999999	-0.1123609
36	Abraham Lincoln: The Man	51.5005396	-0.1275137
37	The Charterhouse	51.5212952	-0.1000121
38	Hampstead Heath	51.57159919999999	-0.1721959
39	Sipsmith Distillery	51.4906976	-0.2521554
40	The Magic Circle	51.526477	-0.1351002
41	Highgate Cemetery	51.5684694	-0.1471685
42	Bomber Command Memorial	51.5072682	-0.1657303
43	Greenwich Park	51.4769095	0.0014643
44	Gods Own Junkyard	51.5840695	-0.008341699999999999
45	New London Theatre	51.5152673	-0.1226493
46	Westminster	51.495572	-0.132193
47	Kensington Gardens	51.5132069	-0.1807816
48	Wimbledon Lawn Tennis Museum	51.4342911	-0.2144883
49	Arsenal Stadium Tours & Museum	51.5566407	-0.1078506
50	Chelsea FC Stadium Tour & Museum	51.481663	-0.1909565
51	Madame Tussauds London	51.5226292	-0.1549918
52	Holland Park	51.4990805	-0.1938253
53	The Royal Air Force Museum London	51.6034083	-0.2419837
54	Greenwich	51.4808496	-0.002929
55	Primrose Hill	51.5424669	-0.1622656
56	British Library	51.5299658	-0.1276734
57	Wilton's Music Hall	51.5107013	-0.0668967
58	Tate Britain	51.4926782	-0.1252467
59	Lord's Cricket Ground	51.52983099999999	-0.1721564
60	Freemasons' Hall	51.5150152	-0.1210856
61	BAPS Shri Swaminarayan Mandir	51.54748559999999	-0.2613732
62	Emirates Stadium	51.5530363	-0.1117459
63	Royal Hospital Chelsea	51.48775329999999	-0.1587507
64	Prince of Wales Theatre	51.5103233	-0.1321087
65	St. Dunstan in the East	51.5096167	-0.0827592
66	Abbey Mills Pumping Station	51.5318423	-0.0012617
67	National Portrait Gallery	51.5094236	-0.1281216
68	Chelsea Physic Garden	51.48463390000001	-0.1631257
69	Aldwych Theatre	51.5129562	-0.1186063
70	Craven Cottage	51.4748946	-0.2217799
71	Charles Dickens Museum	51.5235595	-0.1162426
72	Battersea Park	51.4757645	-0.1615254
73	Queen's Theatre	51.51187359999999	-0.1326579
74	The Minema	51.4991195	-0.1644394
75	Theatre Royal Drury Lane	51.5124056	-0.1198823
76	Museum of London Docklands	51.5076549	-0.0238721
77	Diana Princess of Wales Memorial Playground	51.50583719999999	-0.1877239
78	Millwall Football Club Stadium	51.4853125	-0.0512733
79	Hampstead	51.5073509	-0.1277583
80	Noel Coward Theatre	51.5110581	-0.1274171
81	Grant Museum of Zoology	51.5238629	-0.1344475
82	City of London Cemetery and Crematorium	51.55869500000001	0.0422277
83	Imperial War Museum	51.4961528	-0.1128593
84	All Hallows By The Tower	51.5095921	-0.0795394
85	Maltby Street Market	51.4993659	-0.07586219999999999
86	Shakespeare's Globe Theatre	51.5080264	-0.09689110000000001
87	Kenwood House	51.571337	-0.1676169
88	Temple Church	51.5126696	-0.1091713
89	West End Theatre District	51.5073509	-0.1277583
90	Westminster Cathedral	51.4948914	-0.1387794
91	HMS Belfast	51.50371819999999	-0.0807673
92	Pop Brixton	51.4633416	-0.1123416
93	St. Katharine Docks	51.506404	-0.0710982
94	Museum of London	51.5181106	-0.09638669999999999
95	Museum of Brands, Packaging and Advertising	51.5163173	-0.2110379
96	Novelty Automation	51.5196687	-0.1168951
97	Emirates Air Line Cable Car - Royal Docks	51.5077381	0.0180061
98	South Bank	51.4945661	-0.1231231
99	The Old Vic	51.5030065	-0.1075271
100	Her Majesty's Theatre London	51.50908760000001	-0.1322316
101	Guildhall Art Gallery	51.5152854	-0.0921311
102	Royal Court Theatre	51.4927684	-0.1570174
103	Wellcome Collection	51.5260366	-0.1339651
104	Novello Theatre	51.5117924	-0.1193441
105	Kyoto Garden	51.5061476	-0.2071612
106	Sir John Soane's Museum	51.5170502	-0.1173061
107	The Queen's Walk	51.5071591	-0.1154858
108	Apollo Theatre	51.5114686	-0.1333781
109	Sadler's Wells	51.5292775	-0.1059604
110	Victoria Park	51.5341805	-0.0377105
111	Old Operating Theatre	51.505029	-0.0886979
112	Emirates Air Line Cable Car - Greenwich Peninsula	51.4997794	0.0083403
113	National Theatre	51.507199	-0.113625
114	Columbia Road Flower Market	51.52944249999999	-0.06924899999999999
115	Regent's Park Open Air Theatre	51.5284616	-0.1547512
116	Prince Edward Theatre	51.5135797	-0.1308971
117	Phoenix Theatre	51.5145162	-0.1295562
118	Graffik Gallery	51.5193525	-0.2074152
119	Church of St. Bartholomew the Great	51.5183997	-0.1027967
120	Apsley House	51.5034719	-0.1516708
121	Lyceum Theatre	51.5115791	-0.1200931
122	Jewish Museum	51.53731459999999	-0.1446331
123	Postman's Park	51.516112	-0.0985851
124	Guildhall	51.5158998	-0.0919878
125	London Mithraeum	51.5122942	-0.09062990000000001
126	Broadway Market	51.5374689	-0.061316
127	Petrie Museum of Egyptian Archaeology	51.52455920000001	-0.1340401
128	St George’s Church	51.517962	-0.124257
129	Freud Museum	51.5482895	-0.1773545
130	Horse Guards Parade at Whitehall	51.5048871	-0.1270364
131	Queen's House	51.4820858	-0.005399999999999999
132	Wimbledon	51.4342911	-0.2144883
133	Royal Courts of Justice	51.5111922	-0.1194006
134	West End	51.5073509	-0.1277583
135	South Kensington	51.4908359	-0.1853462
136	Thames River	51.5073509	-0.1277583
137	Mayfair	51.5073509	-0.1277583
138	WWT London Wetland Centre	51.4765405	-0.2354679
139	The UK Supreme Court	51.5005396	-0.1275137
140	Southwark Cathedral	51.5062706	-0.0902336
141	The Fan Museum	51.4791354	-0.0080515
142	18 Stafford Terrace - The Sambourne Family Home	51.50057930000001	-0.1965906
143	Saatchi Gallery	51.4906972	-0.1587165
144	Brompton Cemetery	51.4849855	-0.1826668
145	Somerset House	51.5117267	-0.117996
146	Gielgud Theatre	51.5118371	-0.13294
147	Italian Gardens	51.506987	-0.179165
148	St. Pancras International Station	51.531427	-0.126133
149	The Museum of the Order of St John	51.522026	-0.102734
150	Dinerama - Street Feast	51.5234325	-0.0791284
151	Regent Street	51.5189423	-0.1586473
152	Camden Locks Canalside	51.5410058	-0.1465922
153	Crossrail Place Roof Garden	51.5059791	-0.0177437
154	Eltham Palace and Gardens	51.4470483	0.048435
155	Vauxhall Bridge	51.5073509	-0.1277583
156	Victoria Palace Theatre	51.49662319999999	-0.1425867
157	Trafalgar Square	51.5278249	-0.1025445
158	London Coliseum	51.5106809	-0.1269616
159	Notting Hill	51.5096281	-0.1703541
160	Savoy Theatre	51.510268	-0.1206062
161	Royal Academy of Arts	51.5094426	-0.1398686
162	Cutty Sark	51.4811281	-0.0080615
163	Apollo Victoria Theatre	51.4955159	-0.1424518
164	Mercato Metropolitano London	51.4982474	-0.09805269999999999
165	Roberson Wine	51.4861443	-0.1967229
166	Dulwich Picture Gallery	51.446127	-0.0869115
167	Regent's Canal	51.5215931	-0.1833011
168	Wesley's Chapel & Museum of Methodism	51.52372339999999	-0.08666
169	The Monument to the Great Fire of London	51.5099492	-0.0853782
170	St. Christopher's Place	51.5073509	-0.1277583
171	Newport Street Gallery	51.4934533	-0.117116
172	Duke of York's Theatre	51.5102263	-0.1270482
173	Leighton House Museum and Art Gallery	51.4986749	-0.2030421
174	Criterion Theatre	51.5097608	-0.1343267
175	Lego Shop	51.5104337	-0.1309441
176	Brick Lane Market	51.5212858	-0.0718801
177	Soho	51.5073509	-0.1277583
178	Victoria Embankment Gardens	51.5113642	-0.107578
179	Brick Lane	51.5181276	-0.0714264
180	Leake Street Tunnel	51.5019008	-0.1155791
181	Dr. Johnson's House	51.5150571	-0.1081787
182	Albert Memorial	51.5009088	-0.177366
183	Menier Chocolate Factory	51.5046425	-0.09436069999999999
184	ArcelorMittal Orbit	51.5384281	-0.0129014
185	Tardis Police Box	51.4920503	-0.193087
186	Greenwich Market	51.4811661	-0.009848599999999999
187	Golden Hinde	51.5068925	-0.09036970000000001
188	Royal Mews	51.4987662	-0.1444878
189	London Palladium	51.5140982	-0.1405286
190	Bank of England Museum	51.5144619	-0.0873886
191	The London Film Museum - Covent Garden	51.5122769	-0.1211723
192	Roundhouse	51.5430406	-0.1513118
193	30 St Mary Axe (The Gherkin)	51.5144054	-0.08025109999999999
194	Battle of Britain Monument	51.5099673	-0.1180867
195	Canary Wharf	51.5051005	-0.0214361
196	The Household Cavalry Museum	51.5048871	-0.1270364
197	Urban Food Fest	51.5250036	-0.0776689
198	St. Martins Theatre	51.51297659999999	-0.128096
199	Cambridge Theatre	51.5136653	-0.1266294
200	Westminster Bridge	51.5073509	-0.1277583
201	The Kia Oval	51.4837512	-0.1149112
202	Queen Mary's Gardens	51.529097	-0.1533219
203	Geffrye Museum	51.53165749999999	-0.07681059999999999
204	Green Park	51.5079368	-0.1395476
205	Victoria Embankment	51.5073509	-0.1277583
206	Harold Pinter Theatre	51.5092978	-0.1318302
207	The Foundling Museum	51.5252065	-0.121658
208	Clarence House	51.5045855	-0.1378269
209	Boxpark Shoreditch	51.5234906	-0.0764069
210	Severndroog Castle	51.466641	0.059824
211	Banqueting House	51.5054481	-0.1241466
212	Piccadilly Theatre	51.510932	-0.1356508
213	Shaftsbury Theatre	51.516203	-0.1261448
214	The Mall	51.50464849999999	-0.1338731
215	Old Spitalfields Market	51.5196641	-0.0754435
216	One New Change	51.5138239	-0.095457
217	Abbey Road Studios	51.5321471	-0.1779579
218	Brixton Village	51.4612772	-0.1156105
219	Horniman Museum and Gardens	51.441035	-0.061009
220	Cenotaph	51.50468679999999	-0.1264517
221	Spencer House	51.50516890000001	-0.1402307
222	Queen Victoria Memorial	51.50464849999999	-0.1338731
223	Bond Street	51.5073509	-0.1277583
224	Southwark	51.5073509	-0.1277583
225	The Postal Museum	51.52475099999999	-0.113926
226	Millennium Bridge	51.4911012	-0.1220798
227	Palace Theatre	51.51313589999999	-0.1297985
228	Westfield London	51.5091388	-0.2215622
229	BFI Southbank	51.503513	-0.1173553
230	Whitehall	51.4994794	-0.1248092
231	The Burghers of Calais Statue	51.4969444	-0.125
232	Parliament Square	51.5073509	-0.1277583
233	Royal Observatory Greenwich	51.4753424	0.0013649
234	Oxford Street	51.5153687	-0.1415585
235	Tate Modern	51.5082952	-0.0977907
236	Bateaux London	51.5101078	-0.1174064
237	St James Theatre	51.4988073	-0.1422935
238	RHS Chelsea Flower Show	51.48775329999999	-0.1587507
239	Inns of Court	51.51421999999999	-0.1081082
240	King's Cross Station	51.5306741	-0.1224825
241	Beefeater Gin Distillery	51.4858798	-0.1131627
242	Brixton	51.4627367	-0.1145521
243	Garrick Theatre	51.510031	-0.1278258
244	Animals in War Memorial	51.51111239999999	-0.1575134
245	Mudchute Park & Farm	51.4924221	-0.0074613
246	Carlyle's House	51.4840824	-0.1697646
247	Piccadilly Circus	51.5100883	-0.134027
248	Burlington Arcade	51.50817139999999	-0.1397307
249	Knightsbridge	51.5073509	-0.1277583
250	Leicester Square	51.5105977	-0.129599
251	Portobello Road Market	51.5166591	-0.2056818
252	National Maritime Museum	51.4830707	-0.0032751
253	Granary Square	51.536153	-0.125529
254	Carnaby Street	51.511106	-0.136546
255	Crystal Palace Park	51.420917	-0.0673856
256	Boleyn Ground	51.53195669999999	0.0394024
257	Abbey Road	51.5321471	-0.1779579
258	Leicester Square Theatre	51.511365	-0.1301465
259	Guards Museum	51.4993725	-0.1369822
260	Kensington	51.5073509	-0.1277583
261	Marylebone	51.133021	1.3025165
262	Chiswick	51.4884335	-0.2644
263	King's Cross Theatre	51.53501199999999	-0.123363
264	Leadenhall Market	51.5121406	-0.0849635
265	Barbican Centre	51.5198876	-0.09170049999999999
266	St Bride's	51.5137764	-0.1104195
267	Cardinal Place	51.496736	-0.1448378
268	Serpentine Galleries	51.5047891	-0.1750075
269	City Hall	51.504827	-0.0786264
270	Bayswater	51.5073509	-0.1277583
271	Shaftesbury Theatre	51.516203	-0.1261448
272	Peter Harrison Planetarium	51.480875	-0.005289
273	Horse Guards Building	51.5048871	-0.1270364
274	Hippodrome Casino	51.51169549999999	-0.1292402
275	Dennis Severs' House	51.5208912	-0.0777209
276	The New Wimbledon Theatre	51.4194976	-0.201691
277	The London Oratory	51.4967319	-0.1688598
278	King's Cross	51.5073509	-0.1277583
279	Benjamin Franklin House	51.5076423	-0.1248869
280	London Canal Museum	51.534228	-0.1200542
281	West Ham United FC	51.53195669999999	0.0394024
282	Nelson's Column	51.508039	-0.128069
283	Virgin Money London Marathon	51.4756297	0.0116341
284	The London Silver Vaults	51.51748079999999	-0.1120247
285	The Queen's Gallery	51.501364	-0.14189
286	Handel & Hendrix in London	51.5130146	-0.1459885
287	Queen Elizabeth Olympic Park	51.5387095	-0.0166037
288	Science Museum	51.4981806	-0.1741009
289	Hay's Galleria	51.5055138	-0.0835822
290	Alice's Adventures Underground	51.5010927	-0.1126715
291	Florence Nightingale Museum	51.4979895	-0.118887
292	Haymarket Theatre Royal	51.5099396	-0.1328976
293	London Transport Museum	51.5119677	-0.1227163
294	Clink Prison Museum	51.5070209	-0.0918904
295	Cadogan Hall	51.49376239999999	-0.1570296
296	Mall Galleries	51.5105977	-0.129599
297	Russell Square	51.5221667	-0.1249807
298	St. Paul's Church (The Actors' Church)	51.51156	-0.1236774
299	Admiralty Arch	51.5067898	-0.1286584
300	Lyric Theatre London	51.511261	-0.1335492
301	Keats House	51.5554785	-0.1682411
302	Jermyn Street	51.5073509	-0.1277583
303	Wellington Arch	51.5025925	-0.1508545
304	Pimlico	51.5073509	-0.1277583
305	Seven Dials	51.51383879999999	-0.1270139
306	V&A Museum of Childhood	51.5276591	-0.0548387
307	Library and Museum of Freemasonry	51.5149571	-0.1211454
308	Albert Bridge	51.5073509	-0.1277583
309	Diana Princess of Wales Memorial Fountain	51.5072682	-0.1657303
310	Piccadilly Craft Market	51.5087276	-0.1366625
311	Earl's Court	51.4894529	-0.1974184
312	Winston Churchill Statue	51.5005396	-0.1275137
313	Stamford Bridge	51.481663	-0.1909565
314	Westfield Stratford City	51.5431462	-0.007235399999999999
315	St. James's Church	51.508775	-0.1367862
316	Waterloo Bridge	51.507199	-0.113625
317	Fenton House	51.5589277	-0.1801667
318	Middle Temple Hall	51.512306	-0.1110312
319	Paddington Station	51.5172468	-0.1726286
320	Hackney Empire	51.5455546	-0.055601
321	St Helen's Bishopsgate Church	51.51472039999999	-0.0822644
322	Greenwich Foot Tunnel	51.4834079	-0.0097513
323	Peter Pan Statue	51.5078152	-0.1745726
324	Lyric Hammersmith	51.4932679	-0.2262925
325	Bridge Theatre	51.5041361	-0.0773865
326	Southbank Centre Food Markets	51.50580619999999	-0.1166288
327	Wimbledon Common	51.4369405	-0.2319265
328	Jack the Ripper Museum	51.5107917	-0.0679394
329	City of London Information Centre	51.5132913	-0.09870899999999999
330	Kensington Palace	51.506987	-0.179165
331	James Freeman Gallery	51.5346294	-0.1045329
332	Golden Jubilee Bridges	51.507411	-0.1215589
333	Apple Market	51.512321	-0.1232185
334	Kensington High Street	51.500977	-0.1926946
335	St. Clement Danes	51.51288270000001	-0.1141072
336	Queen Elizabeth II Great Court	51.5073509	-0.1277583
337	The Crossness Pumping Station	51.508863	0.138182
338	Golders Hill Park	51.5670672	-0.1904475
339	Little Venice	51.5312705	-0.1569694
340	Young Vic	51.5031119	-0.1076841
341	Jubilee Gardens	51.5055617	-0.1157187
342	I Am the Greatest - Muhammad Ali at The O2	51.503038	0.0031543
343	Southbank Centre	51.503513	-0.1173553
344	Hammersmith Apollo Theatre	51.49084	-0.2245036
345	National Army Museum	51.4868548	-0.1602137
346	Hatton Garden	51.5194191	-0.1085508
347	Chinatown	51.5114744	-0.1315294
348	Theatre Royal Stratford East	51.5425276	0.0010091
349	Charing Cross Theatre	51.5080846	-0.1240736
350	Playhouse Theatre	51.506743	-0.1237453
351	Ambassadors Theatre	51.51297659999999	-0.128096
352	The Crystal	51.507467	0.016329
353	The Victoria Tower Gardens	51.4926782	-0.1252467
354	The Cartoon Museum	51.5177013	-0.1260041
355	Garden Lodge Queen, Londra	51.49472950000001	-0.1976749
356	Winter Wonderland	51.5072682	-0.1657303
357	Chiswick House	51.4840013	-0.2584675
358	STAR WARS Identities at The O2	51.503038	0.0031543
359	Blackfriars Bridge	51.5073509	-0.1277583
360	Old Bailey	51.515073	-0.1022792
361	Street Feast Dalston Yard	51.5466754	-0.0731812
362	Southwark Playhouse	51.4976081	-0.0984128
363	Hampstead Theatre	51.5440529	-0.173968
364	Marble Arch Theatre	51.5131654	-0.1588747
365	Surrey Docks Farm	51.5043863	-0.0457701
366	Women of World War II Memorial	51.50468679999999	-0.1264517
367	The Old Truman Brewery	51.5212858	-0.0718801
368	Donmar Warehouse	51.5139694	-0.1256008
369	Boadicea Monument	51.5008636	-0.1220084
370	Vauxhall City Farm	51.487356	-0.1192901
371	Hill Garden & Pergola	51.5652385	-0.1836857
372	ZSL London Zoo	51.5268422	-0.160619
373	Baker Street	51.5194629	-0.1562782
374	Bishop's Park	51.4744751	-0.220554
375	Royal Festival Hall	51.5055617	-0.1157187
376	Waterloo mainline station	51.5031653	-0.1123051
377	London Bridge	51.5067214	-0.0885712
378	Bankside	51.5073509	-0.1277583
379	English National Ballet Nutcracker	51.50978199999999	-0.126804
380	Almeida Theatre	51.53959469999999	-0.1036236
381	London Stadium	51.5387095	-0.0166037
382	Cleopatra's Needle	51.5101078	-0.1174064
383	Tavistock Square	51.5073509	-0.1277583
384	BT Tower (The British Telecom Tower)	51.5214598	-0.1388964
385	The Arts Theatre	51.51200009999999	-0.1275659
386	Howling Hops	51.5426879	-0.0229083
387	Serpentine Boating Lake	51.5081448	-0.1654032
388	Soho Square	51.5159183	-0.1318131
389	Kings Place	51.534935	-0.121753
390	Battersea Park Children's Zoo	51.4814022	-0.1565651
391	Edward Smith Stanley Statue	51.5005396	-0.1275137
392	The Arch Climbing Wall	51.494296	-0.061414
393	Charing Cross Road	51.5081101	-0.1248116
394	Lloyds of London	51.51318759999999	-0.0823197
395	London Central Mosque	51.528938	-0.1650437
396	King's Head Theatre	51.5383131	-0.1025807
397	Parliament Hill Fields	51.5593994	-0.1519758
398	Fulham Palace	51.4701077	-0.2149375
399	Clissold Park	51.5606349	-0.0886368
400	ExCeL London	51.5083537	0.0198855
401	Methodist Central Hall Westminster	51.5001069	-0.1295168
402	Harvey Nichols	51.5017076	-0.1600921
403	Fleet Street	51.5156153	-0.1078931
404	Estorick Collection of Modern Italian Art	51.54449529999999	-0.0889351
405	Kempton Park Racecourse	51.4213884	-0.4136082
406	Photographers' Gallery	51.5149665	-0.1390826
407	Painted Hall	51.4832762	-0.0055729
408	Saint Margaret's Church on Parliament Square	51.4986769	-0.1289446
409	Camden Passage	51.53498219999999	-0.1039117
410	Chiswick House and Gardens	51.4838077	-0.258696
411	Fortune Theatre	51.5129619	-0.1207187
412	The Other Palace	51.4988073	-0.1422935
413	County Hall, London	51.503513	-0.1173553
414	Old St Pancras Church	51.5334636	-0.1286428
415	The O2	51.50155239999999	0.004765699999999999
416	Hayman's Distillery	51.4457363	-0.1429924
417	Burgh House	51.558136	-0.175072
418	Clapham Common	51.5073509	-0.1277583
419	Camden	51.5073509	-0.1277583
420	Deen City Farm	51.408638	-0.184504
421	Thames Barrier Park	51.5023124	0.0302653
422	Sutton House	51.5483714	-0.0503745
423	Sloane Square	51.5073509	-0.1277583
424	Ragged School Museum	51.5187791	-0.0357464
425	Lincoln's Inn	51.5164346	-0.1145461
426	Statue of Eros (Anteros)	51.5100913	-0.1345676
427	Whitecross Street Market	51.5222401	-0.09283699999999999
428	DreamWork's Tours Shrek's Adventure! London	51.501485	-0.11864
429	East London Mosque & London Muslim Centre	51.5175695	-0.06548749999999999
430	The Rose Theatre	51.4925136	-0.0716673
431	Dulwich Park	51.446534	-0.0827
432	St. James's Palace	51.5073509	-0.1277583
433	London Victoria Station	51.4952103	-0.1438979
434	Grosvenor Square	51.5073509	-0.1277583
435	Australian War Memorial	51.5034719	-0.1516708
436	Adelphi Theatre	51.5101129	-0.122783
437	Nunhead Cemetery, South London	51.464275	-0.053129
438	Krav Maga Self Defence	51.4559774	-0.1195762
439	Paternoster Square	51.5138453	-0.0983506
440	Shaftesbury Avenue	51.5073509	-0.1277583
441	David Bowie Memorial	51.4627524	-0.1152371
442	Royal Geographical Society with IBG	51.5015549	-0.1749849
443	Discover Greenwich Visitor Centre	51.4832762	-0.0055729
444	Shad Thames	51.5073509	-0.1277583
445	Sunday Up Market	51.5209869	-0.0733042
446	Chelsea	51.485093	-0.174936
447	Arcola Theatre	51.5520069	-0.07365840000000001
448	Fashion and Textile Museum	51.5011585	-0.081713
449	2 Willow Road	51.55782749999999	-0.1739416
450	London Transport Museum Depot	51.504943	-0.2814475
451	Lincoln's Inn Fields	51.5073509	-0.1277583
452	Savile Row	51.5073509	-0.1277583
453	Selhurst Park	51.4002412	-0.0852884
454	Whistle Punks Urban Axe Throwing	51.48344969999999	-0.125042
455	Wireless Festival	51.5745549	-0.102871
456	Crossbones Graveyard	51.503687	-0.0937818
457	Lumiere London 2018, 18-21 January, 17.30-22.30	51.5087668	-0.1382078
458	The Thames Barrier	51.494629	0.041445
459	St. Stephen Walbrook	51.5127175	-0.090129
460	Platform 9 3/4	51.5316396	-0.1244231
461	Bankside Gallery	51.5081414	-0.101209
462	Abney Park Cemetery	51.5635566	-0.0733602
463	Mansion House of City of London	51.5126019	-0.0902099
464	Millennium Mile	51.5073509	-0.1277583
465	Hammersmith	51.492943	-0.227554
466	Traffic Light Tree	51.5044805	-0.0126046
467	HQS Wellington	51.5105941	-0.1123425
468	Above The Stag Theatre	51.4826892	-0.1256427
469	Lambeth Palace	51.4959974	-0.120462
470	St. Etheldreda's	51.5187146	-0.1072443
471	Bloomsbury	51.5073509	-0.1277583
472	Strand	51.5073509	-0.1277583
473	Sloane Street	51.5073509	-0.1277583
474	The Cinema Museum	51.4922943	-0.1052203
475	St. Mary-le-Bow	51.5141905	-0.09452909999999999
476	Whitechapel Gallery	51.5160864	-0.07011479999999999
477	Bunhill Fields	51.5232509	-0.08730099999999999
478	Beavertown Brewery	51.5908506	-0.0567568
479	Roman Amphitheatre	51.5158998	-0.0919878
480	Halcyon Gallery	51.5114592	-0.1438687
481	Christ Church Spitalfields	51.5191153	-0.0739399
482	New Zealand Memorial	51.5072682	-0.1657303
483	Little Ben	51.4965451	-0.1420983
484	Trinity Hill Memorial	51.5103599	-0.07731729999999999
485	Jamon Jamon Paella	51.5150853	-0.2045479
486	Cecil Court	51.5107333	-0.1268242
487	575 Wandsworth Road	51.4696864	-0.1406211
488	St Paul's Church	51.4796158	-0.0244434
489	The London Loop	51.6281312	-0.44818
490	London Wall	51.5170204	-0.0868246
491	Royal London Hospital Museum	51.5170468	-0.0604823
492	Holborn	51.5073509	-0.1277583
493	Tower Hamlets Cemetery Park	51.5284814	-0.0186677
494	Jermyn Street Theatre	51.5091204	-0.1348751
495	Kensal Green Cemetery	51.528066	-0.2173654
496	Waterlow Park	51.5684915	-0.1438158
497	The Design Museum	51.49888559999999	-0.1998335
498	Woolwich Ferry	51.4942018	0.0612534
499	Lee Valley Regional Park	51.6746158	-0.0599899
500	St. John's Wood	51.5073509	-0.1277583
501	West Norwood Cemetery	51.4431235	-0.1051136
502	Sherlock Holmes Museum	51.523767	-0.1585557
503	City of London Police Museum	51.51578379999999	-0.0928676
504	Acklam Village Market	51.519506	-0.2063588
505	Fourpure Brewing Co.	51.4893987	-0.05517089999999999
506	St Pancras Parish Church	51.5273938	-0.1305095
507	The Who Shop	51.5307533	0.0398883
508	Everyman Cinemas Screen on the Green	51.5367522	-0.1033635
509	Battersea Power Station	51.4818235	-0.1443983
510	Park Lane	51.5082019	-0.1545589
511	RAF Museum Hendon	51.6034083	-0.2419837
512	St. Magnus The Martyr	51.5091228	-0.08295659999999999
513	Polka Theatre for Children	51.4196055	-0.1949644
514	Billingsgate Roman Bath House	51.5092742	-0.0830566
515	Angel	51.5073509	-0.1277583
516	Peckham Rye Park	51.4595857	-0.0638687
517	Tricycle Theatre	51.54332309999999	-0.2000048
518	Spitalfields City Farm	51.521583	-0.065332
519	Royal College of Physicians	51.5258654	-0.1452812
520	Southwark Brewing Company	51.500401	-0.0764489
521	Exmouth Market	51.5264898	-0.1078746
522	Riverside Studios	51.4885691	-0.2271638
523	St. Margarets Church Westminster Abbey	51.500138	-0.1262806
524	Barbican Gallery	51.5200574	-0.0937946
525	Elizabeth Garrett Anderson Room	51.5280077	-0.1313001
526	Tower 42	51.5152282	-0.0837587
527	Lower Marsh Market	51.5012093	-0.1119416
528	Gabriel's Wharf	51.5075239	-0.1095225
529	Shakespeare Monument	51.5105977	-0.129599
530	VauxWall Climbing Centre	51.4853813	-0.1233208
531	Blackheath	51.5073509	-0.1277583
532	Finsbury Park	51.5073509	-0.1277583
533	SEA LIFE London Aquarium	51.50196330000001	-0.1188522
534	Paul Smith Sale Shop	51.5127309	-0.1464285
535	Royal Artillery Memorial	51.5072682	-0.1657303
536	London Fields Brewery	51.5386991	-0.0580466
537	The London Pass	51.5099715	-0.1285721
538	Speakers' Corner	51.5131099	-0.1589148
539	Heron Tower	51.5162529	-0.0809449
540	Victoria Station Travel Information Centre	51.4926352	-0.1491003
541	Castle Climbing Centre	51.5653078	-0.09234840000000001
542	The View Tube	51.5353583	-0.0130931
543	Chickenshed Theatre	51.6444009	-0.145416
544	Brent Cross Shopping Centre	51.5752872	-0.2232707
545	Brunel Museum	51.5015891	-0.0529493
546	Olympia London	51.49505389999999	-0.211456
547	Buddhapadipa Temple	51.4309683	-0.2203609
548	White Bear Theatre	51.48694709999999	-0.1076791
549	Victoria Miro Gallery	51.5303708	-0.0950403
550	Open Garden Squares Weekend	51.5031723	-0.1306315
551	All Souls Church	51.518165	-0.1430511
552	St Alfege Church	51.4809435	-0.0095862
553	Inner Temple	51.5128905	-0.1097816
554	Emery Walker Arts & Crafts house	51.4898355	-0.2424588
555	Vestry House Museum	51.583218	-0.0129821
556	St Mary Abbots Church	51.5019682	-0.1908713
557	Bloomsbury Square	51.5073509	-0.1277583
558	Woolwich Foot Tunnel	51.4939773	0.06248129999999999
559	Alfies Antiques Market	51.5241887	-0.1688101
560	Tooting Bec Lido	51.4314844	-0.1388495
561	Loftus Road Stadium	51.5099544	-0.232174
562	Bimber Distillery	51.525927	-0.2645734
563	Old Compton Street	51.5073509	-0.1277583
564	St. John's Smith Square	51.49570180000001	-0.1269987
565	Greenwich Theatre	51.477103	-0.0058666
566	Opera Holland Park	51.4993829	-0.1976709
567	Rich Mix	51.5243644	-0.0733104
568	Little Angel Theatre	51.5387508	-0.1013714
569	Queen's Chapel of the Savoy	51.5104912	-0.1198359
570	Berkeley Square	51.50928469999999	-0.1446922
571	Ealing	51.5073509	-0.1277583
572	St Mary Aldermanbury Garden	51.51673690000001	-0.09288189999999999
573	Lambeth Bridge	51.5073509	-0.1277583
574	Wanstead Park	51.5712164	0.03025
575	Hanwell Zoo	51.5125031	-0.3473688
576	Stepney City Farm	51.517287	-0.0426262
577	Hayward Gallery	51.50608099999999	-0.116304
578	Nomadic Community Garden	51.5226887	-0.067399
579	London Fields Park	51.5422923	-0.06151
580	Saint Marylebone Parish Church	51.52280090000001	-0.1524292
581	St Olave's Church	51.51103860000001	-0.0794772
582	WIlliam Wallace Memorial	51.5167628	-0.0986751
583	Royal Academy of Music Museum	51.5232611	-0.1516238
584	Curzon Mayfair	51.506563	-0.1479782
585	Paddington Waterside	51.5192816	-0.1777402
586	Coram's Fields	51.5242833	-0.120206
587	White Cube Gallery	51.4993517	-0.0822844
588	Saint Bartholomew's Hospital Museum	51.5167628	-0.0986751
589	Streatham Common	51.4255978	-0.1308087
590	Still Water Horse Head Statue	51.5131099	-0.1589148
591	The Wild Card Brewery	51.58395700000001	-0.008728
592	Christopher Wren's Temple Bar	41.5879843	-93.629061
593	Buxton Memorial Fountain	51.4974251	-0.1258648
594	Piccadilly Arcade	51.5078684	-0.1379502
595	House of Illustration	51.535684	-0.1239205
596	Stephens House & Gardens	51.5969203	-0.1965206
597	Festival Pier	51.5071591	-0.1154858
598	Holy Trinity Brompton Church	51.4983205	-0.1659935
599	Southwark Bridge	51.5073509	-0.1277583
600	Trinity Buoy Wharf	51.5080632	0.0083389
601	Michelin House	51.4931241	-0.1684821
602	Woodberry Wetlands	51.5662171	-0.0848934
603	The London Theatre	51.4756546	-0.0301695
604	Duke of Wellington Statue	51.5034719	-0.1516708
605	Hertford House	51.5174543	-0.153022
606	Swiss Glockenspiel	51.5105977	-0.129599
607	Business Design Centre	51.5357196	-0.1058969
608	Piccadilly Theater	51.520875	-0.108927
609	The Diana Princess of Wales Memorial Walk	51.5073509	-0.1277583
610	Royal Institute of British Architects	51.52117399999999	-0.1450989
611	The Meeting Place Statue, St. Pancras Station	51.531427	-0.126133
612	ISKCON-London	51.5158157	-0.1327685
613	Lloyd Park	51.5903964	-0.018371
614	All Saints Margaret Street	51.5172444	-0.1389421
615	Holy Trinity Sloane Square	51.49353720000001	-0.1579578
616	Peace Pagoda	51.4791075	-0.1564981
617	Discover Children’s Story Centre	51.5390357	-0.0001376
618	Museum of Happiness	51.5398334	-0.1444979
619	Camley Street Natural Park	51.5355006	-0.127648
620	Brockley Jack Studio Theatre	51.453499	-0.038342
621	Bevis Marks Synagogue	51.51506999999999	-0.0796181
825	Clerkenwell	51.5073509	-0.1277583
622	Royal Institution of Great Britain	51.509604	-0.1421572
623	Copper Box Arena	51.5444079	-0.0200825
624	Ben Uri Gallery and Museum, London: Art, Identity, Migration	51.5375385	-0.1853433
625	Wellington Barracks	51.4993725	-0.1369822
626	Charles I Statue	51.508039	-0.128069
627	National Firefighters Memorial	51.5131492	-0.0984477
628	Essex Street Brewery	51.5129362	-0.1130257
629	Crimean War Memorial	51.5071476	-0.1326253
630	Temple Bar Memorial	51.51421999999999	-0.1081082
631	Vertical Chill	51.51118659999999	-0.1221311
632	Alexander Fleming Laboratory Museum	51.5173483	-0.1742553
633	The Tabernacle	51.5170708	-0.2019194
634	Canada Place	51.5049489	-0.0195006
635	Church of the Immaculate Conception	51.5098299	-0.1490017
636	St. Lawrence Jewry	51.515341	-0.09241819999999999
637	Threadneedle Street	51.5141187	-0.08626869999999999
638	Southwark Park	51.4982345	-0.04599210000000001
639	Stoke Newington	51.5596758	-0.07937
640	The London Fire Brigade Museum	51.5007386	-0.0985877
641	Dalston Eastern Curve Garden	51.5464759	-0.07417739999999999
642	Hyde Park Corner	51.5104812	-0.1319138
643	St James's Roman Catholic Church	51.51831259999999	-0.1528077
644	Wardour Street	51.5073509	-0.1277583
645	Notting Hill Coronet	51.5090728	-0.196534
646	Hackney City Farm	51.5317259	-0.06651
647	Newham City Farm	51.512165	0.0465256
648	Hogarth's House	51.4882184	-0.2497453
649	Old Hampstead Village	51.5073509	-0.1277583
650	St. Mary le Strand	51.51206639999999	-0.1167761
651	Brixton Windmill (Ashby's Mill)	51.453221	-0.123835
652	Ranger's House	51.4734415	-0.00167
653	The Four Bronze Horses of Helios	51.5088407	-0.1320137
654	Crystal Palace Museum	51.4186537	-0.07493169999999999
655	Tooting Common	51.4306818	-0.1406429
656	Clapham	51.4646608	-0.1347722
657	Ealing Broadway Shopping Centre	51.51324	-0.3044971
658	Notre Dame de France	51.5112923	-0.1302325
659	Bargehouse, Oxo Tower Wharf	51.5083466	-0.1082782
660	MCC Cricket Museum	51.52983099999999	-0.1721564
661	Canada Memorial	51.5039038	-0.1438567
662	Maida Vale	51.5073509	-0.1277583
663	Docklands	51.5073509	-0.1277583
664	High Holborn	51.5166461	-0.1231648
665	Garden Museum	51.4951387	-0.1208425
666	Chelsea Bridge	51.5073509	-0.1277583
667	Burberry Factory Shop	51.5464418	-0.0511967
668	Royal Victoria Dock and Bridge	51.5073509	-0.1277583
669	Jewel Tower	51.4983821	-0.125758
670	3 Savile Row	51.5104329	-0.139663
671	Rivoli Ballroom	51.4552154	-0.03716469999999999
672	Canary Wharf Tower	51.5046574	-0.024007
673	Kennington Park	51.486112	-0.108178
674	Girl with a Dolphin Fountain	51.5064438	-0.0737951
675	Walpole Park	51.5086871	-0.3095696
676	Greenwich Peninsula Ecology Park	51.4956603	0.0160168
677	58 Gin	51.5547305	-0.06686539999999999
678	Kindertransport-The Arrival Memorial	51.51875159999999	-0.0814374
679	Brockwell Park Walled Garden	51.4545416	-0.1025253
680	Guard's Division Memorial	51.5017638	-0.1291079
681	A Complete History of London Show	51.50289	-0.076898
682	London School of Economics	51.5135002	-0.1166684
683	Millfield Theatre	51.6161043	-0.07574499999999999
684	Greyfriars Passage	51.5156949	-0.0999249
685	Landor Theatre	51.4659945	-0.1250528
686	Marylebone Farmers' Market	51.5198027	-0.1526287
687	Queen's Park	51.5358476	-0.2110506
688	Migration Museum at The Workshop	51.49267159999999	-0.1203102
689	ATP World Tour Finals	51.503038	0.0031543
690	The Institution of Civil Engineers Visitor Centre	51.5009746	-0.1290707
691	Duke Of York Column	51.5071476	-0.1326253
692	St Patrick's Church	51.5154684	-0.1311817
693	Cable Street Mural	51.511034	-0.058727
694	Rolling Bridge	51.5184941	-0.1732137
695	St. George's Church	51.5137396	-0.1433464
696	Street Food Union - Rupert Street SOHO	51.5119763	-0.1335748
697	St John's Gate	51.5213613	-0.1023156
698	Pineapple Dance Studios	51.5133866	-0.1252882
699	Nelson Mandela Statue	51.5005396	-0.1275137
700	The Kernel Brewery	51.4957477	-0.0685276
701	House of Vans	51.5005901	-0.1141531
702	Charlton House	51.4806574	0.0371372
703	King George VI Memorial	51.50545040000001	-0.1318679
704	Butler's Wharf	51.5033639	-0.073751
705	Down Street	51.5120342	-0.1215943
706	East End	51.5073509	-0.1277583
707	Paddington Green and St. Mary's Churchyard	51.4934167	-0.1030926
708	The Memorial Gates	51.5039038	-0.1438567
709	Winchester Palace	51.5071117	-0.0919489
710	New Beckton Park	51.5116989	0.0587237
711	The Guild Church of ST Mary Aldermary	51.5126914	-0.0935341
712	Wandsworth Common	51.4506877	-0.172478
713	Rolle Therapy	51.5150815	-0.1878753
714	Gift Horse on the Fourth Plinth	51.5078478	-0.1291778
715	Bethnal Green	51.5073509	-0.1277583
716	The London Design Festival	51.4949783	-0.1841029
717	Hackney Museum	51.5443463	-0.0560018
718	Institute of Contemporary Arts	51.5064291	-0.1294822
719	Finborough Theatre	51.48617669999999	-0.1894849
720	Honourable Artillery Company	51.5229828	-0.08839509999999999
721	Old Red Lion Theatre	51.53145	-0.1059555
722	Notting Hill Carnival	51.51714579999999	-0.1510434
723	Paddington Street Garden	51.5206195	-0.1533759
724	Ravenscourt Park	51.4976478	-0.2363105
725	Charlton Athletic Football Club	51.48648559999999	0.0365429
726	Isokon Gallery	51.5512467	-0.161703
727	Bridewell Theatre	51.51374970000001	-0.1046485
728	31 Coventry Street	51.5102323	-0.1320701
729	Trinity House	51.5095581	-0.0759519
730	Watts' Memorial	51.5164002	-0.1017076
731	Sikorski Museum	51.5073509	-0.1277583
732	The House of St Barnabas	51.514992	-0.131407
733	Gordon Square	51.5218962	-0.1279597
734	I Can't Sing! - London Theatreland	51.5140982	-0.1405286
735	The Faraday Museum	51.509604	-0.1421572
736	Wellington Monument (Achille's Statue)	51.50303	-0.15242
737	Bloomsbury Farmers Market	51.5223534	-0.129849
738	Island Gardens	51.4869189	-0.0091054
739	Chelsea Old Church	51.4830451	-0.1709472
740	Hoxton Hall	51.5317655	-0.0800497
741	University of London	51.5210743	-0.1287353
742	HM Treasury	51.5017638	-0.1291079
743	London Beer Lab	51.4633772	-0.1162355
744	Walthamstow Wetlands	51.5864584	-0.0524871
745	Admiral Beatty Memorial Fountain	51.508039	-0.128069
746	Mahatma Gandhi Statue	51.5005396	-0.1275137
747	Aldwych Tube Station	51.5116315	-0.1152973
748	Whitehall Palace	51.5045899	-0.1260055
749	Brown Hart Gardens	51.5145353	-0.151503
750	London Sewing Machine Museum	51.43599649999999	-0.1587482
751	Virgin Trains	51.5229378	-0.1308206
752	Queen Victoria Statue - Kensington	51.506987	-0.179165
753	Berwick Street Market	51.5141921	-0.1354155
754	Wood Street Indoor Market	51.588611	-0.00445
755	Grosvenor G Piccadilly Casino	51.51047819999999	-0.1319162
756	Joanna Rowsell's Gold Post Box - Cheam	51.3575278	-0.219694
757	Gallions Reach Shopping Park	51.51744559999999	0.07833200000000001
758	Kirkaldy Testing Museum	51.5058932	-0.1014731
759	Victoria Place	51.4945073	-0.1456432
760	Crystal Palace Food Market	51.41859729999999	-0.08297009999999999
761	Sydenham Hill Wood and Cox's Walk	51.4338452	-0.070223
762	St Luke’s Church	51.48960049999999	-0.1694082
763	Isle of Dogs	51.5073509	-0.1277583
764	Agatha Christie Memorial	51.5113583	-0.1283363
765	The Bob Hope Theatre	51.45	0.05060190000000001
766	St. Dunstan In The West	51.5142157	-0.1082528
767	Capital Ring	51.5073509	-0.1277583
768	West India Docks	51.5000961	-0.0104613
769	Sicilian Avenue	51.51837459999999	-0.1213358
770	Bush Theatre	51.5051409	-0.2259325
771	Hammersmith Bridge	51.44737310000001	-0.3043961000000001
772	Roupell Street	51.5045614	-0.1090747
773	Robert Peel Statue	51.5005396	-0.1275137
774	Cave	51.4902008	-0.1359771
775	Great Queen Street	51.5155659	-0.1210031
776	Oxleas Wood	51.4675022	0.0682708
777	Jewel House	51.5073509	-0.1277583
778	Archbishop's Park	51.4965488	-0.1157541
779	Boy David Memorial	51.5072682	-0.1657303
780	55 Broadway	51.4977567	-0.1345107
781	Grosvenor Casino St Giles	51.5171929	-0.1307146
782	Fitzrovia Chapel	51.518988	-0.138342
783	Gray's Inn	51.51918420000001	-0.1120867
784	Gagosian Gallery	51.5302534	-0.1178714
785	Jazz Cafe POSK	51.4934775	-0.2373929
786	Highgate Wood	51.58603	-0.147758
787	Equestrian Statue of George IV	51.508039	-0.128069
788	Clocktower Market	51.478924	-0.010256
789	St Giles-in-the-Fields Church	51.5152849	-0.1283995
790	Greenwich Heritage Centre	51.4943898	0.06919220000000001
791	Richmond Bridge	51.45491190000001	-0.3118565
792	GettyImages Gallery	51.51649519999999	-0.1399519
793	Aveqia	51.51479399999999	-0.1048222
794	Kensington Square	51.5073509	-0.1277583
795	Chestertons Polo in the Park	51.4689986	-0.2014554
796	Earl Haig Memorial	51.50468679999999	-0.1264517
797	Aldwych Area	51.5073509	-0.1277583
798	Camden Arts Center	51.55207249999999	-0.1801398
799	Dorich House Museum	51.4333502	-0.2630751
800	Exchange Square	51.51694999999999	-0.0809462
801	Cello Factory	51.5050351	-0.1108615
802	Prince George Statue	51.50468679999999	-0.1264517
803	The Guild Church of St. Margaret Pattens	51.5107659	-0.0828131
804	Maryon Wilson Animal Park	51.4843756	0.0461736
805	Sir John Betjeman Statue	51.531427	-0.126133
806	Wimbledon Windmill Museum	51.43694	-0.2319025
807	Southside House	51.4210198	-0.2268128
808	Chancery Lane	51.5073509	-0.1277583
809	Genting Casino Chinatown London	51.5127926	-0.1304865
810	Bruce Castle Museum	51.599108	-0.075367
811	The Grosvenor Victoria Casino London	51.5173217	-0.1655992
812	Puppet Theatre Barge	51.5212608	-0.1835473
813	Queen Elizabeth II Centre	51.50022209999999	-0.1290273
814	Deptford Market	51.4808295	-0.0261592
815	Royal Air Force Memorial	51.5031791	-0.123606
816	Broadgate Ice Rink	51.5203153	-0.0817816
817	The Drayton Arms Theatre	51.4906604	-0.1835867
818	Sambrook's Brewery	51.469952	-0.175965
819	Chapel Street Market	51.5334722	-0.1093275
820	Mary Seacole Statue	51.49827029999999	-0.1191927
821	Battersea Flower Station	51.4714579	-0.170828
822	St. Mary Woolnoth Church	51.5127659	-0.0883355
823	Tachbrook Market	51.49212730000001	-0.1389381
824	The Redchurch Brewery	51.5303561	-0.0568928
826	Highgate Bathing Pond	51.5608421	-0.1631376
827	Langham Place	51.5073509	-0.1277583
828	Grosvenor Casino Gloucester Road London	51.49350829999999	-0.1834346
829	Troxy	51.5125445	-0.0397008
830	Brooks Farm	51.5704265	-0.0107657
831	David Lloyd George Statue	51.5005396	-0.1275137
832	Burlington House	51.5092548	-0.1397032
833	Lights of Soho	51.5119236	-0.1345904
834	UBREW	51.4975014	-0.0703113
835	Tower Hill Pageant	51.5091228	-0.08295659999999999
836	St George the Martyr	51.50129769999999	-0.092647
837	Cine Lumiere	51.5073509	-0.1277583
838	Grays Antique Centre	51.51358099999999	-0.148533
839	The Bloomsbury Theatre	51.5249996	-0.1326214
840	The Shaw Theatre	51.5286942	-0.1281828
841	Admiral Jellicoe Memorial Fountain	51.508039	-0.128069
842	Parasol unit foundation for contemporary art	51.53026449999999	-0.0948767
843	Visite Londres	51.5073509	-0.1277583
844	Primrose Hill Market	51.5417103	-0.1626545
845	Brunei Gallery	51.52235	-0.129259
846	Lauderdale House	51.569267	-0.143254
847	SugarSin Candy Store	51.5126973	-0.1208214
848	Strand Lane 'Roman' Bath, London	51.5116863	-0.1155698
849	Brent Reservoir (Welsh Harp) Canalside	51.5634856	-0.2544373
850	Iris Theatre	51.511198	-0.1248212
851	Lewisham Market	51.45791999999999	-0.013148
852	Gate Picturehouse	51.50872330000001	-0.1972699
853	The Clockmakers' Museum	51.51449179999999	-0.05504949999999999
854	Gunnersbury Park and Museum	51.4978968	-0.2925109
855	Brixton Brewery	51.4635869	-0.1091997
856	One Tree Hill Local Nature Reserve	51.4498706	-0.04671819999999999
857	Battersea Bridge	51.4801245	-0.1715987
858	The Wiener Library	51.5224013	-0.128507
859	South Norwood Lake and Grounds	51.4096106	-0.07492109999999999
860	Taste of London	51.5225576	-0.1554254
861	The Queen Square Park and Garden	51.5212376	-0.1225124
862	South London Gallery	51.4742456	-0.07964299999999999
863	St. Mary Abchurch	51.5115478	-0.08854189999999999
864	Shadwell Basin	51.5074576	-0.0666776
865	Benjamin Disraeli Statue	51.5005396	-0.1275137
866	Northcote Road Antiques Market	51.4553209	-0.1645219
867	London Sri Murugan Temple	51.5481024	0.05619119999999999
868	Dean's Yard	51.5175276	-0.1456193
869	ICA Cinema	51.50464849999999	-0.1338731
870	Golden Boy of Pye Corner	51.51740600000001	-0.1031008
871	Allies Statue - Franklin D. Roosevelt and Winston Churchill	51.5503181	0.0041229
872	Tin Pan Alley	51.5154796	-0.1289934
873	Three Mills and Queen Elizabeth Olympic Park	51.5273218	-0.005727299999999999
874	Thames River Police Museum	51.50313389999999	-0.0586096
875	Vallebona	51.4368743	-0.1919133
876	St. Michael's Cornhill	51.513197	-0.0854838
877	Field Marshal William Slim Statue	51.50468679999999	-0.1264517
878	The Sportsman Casino	51.5140435	-0.1572565
879	Portcullis House	51.50126789999999	-0.1248698
880	Matchroom Stadium	51.5601908	-0.0127137
881	The London Improv Theatre	51.5461831	-0.1784606
882	Brunswick Square Gardens	51.5242289	-0.1226079
883	Pentameters Theatre	51.5558821	-0.1786867
884	Herne Hill Market	51.4565761	-0.1060062
885	The Banqueting House	51.5036303	-0.1262381
886	Granary Square Kings Cross	51.5351784	-0.1251453
887	The Guards' Chapel	51.4993725	-0.1369822
888	Britain's Smallest Police Station	51.508039	-0.128069
889	Lee Valley Ice Centre	51.5654999	-0.0378659
890	Savoy Tup	51.51097310000001	-0.1193767
891	American Memorial Chapel	51.5138453	-0.0983506
892	St. James' Square	51.5080945	-0.1347569
893	St. Sepulchre Without Newgate Church	51.5166347	-0.1021814
894	St. George's Gardens	51.5255377	-0.122468
895	Genting Casino Cromwell Mint	51.4951042	-0.177901
896	Ferny Hill Farm	51.6667509	-0.1486934
897	One Hyde Park	51.5020035	-0.1613919
898	Old Bloomsbury	51.5174882	-0.119984
899	Nespresso Boutique	51.5100947	-0.1356949
900	Hanwell Lock Flight Canalside	51.5053811	-0.3421868
901	Brook Green Market and Kitchen	51.4998161	-0.2191722
902	St Botolph's Aldgate	51.5138557	-0.075803
903	Merton Abbey Mills	51.4129559	-0.1831426
904	Statue of Charles James Napier	51.508039	-0.128069
905	Marylebone Station	51.5226285	-0.1631329
906	The Pet Cemetery of Hyde Park	51.5072682	-0.1657303
907	Metropolitan Police Historical Collection	51.4867176	-0.1984043
908	Lee Valley Athletics Centre	51.6307482	-0.0374138
909	Saint Peter's Italian Church	51.5223119	-0.1091807
910	Brockley Brewery Company	51.4620992	-0.036367
911	Statue of Captain James Cook	51.5067898	-0.1286584
912	Farm Street	51.5099404	-0.1491661
913	Crystal Palace Antique and Modern Warehouse	51.4201158	-0.0796648
914	Well Hall Pleasaunce	51.45608199999999	0.0493999
915	New Shepherd's Bush Market	51.5022536	-0.2266769
916	Now Gallery	51.50031329999999	0.004967399999999999
917	Vintners' Hall	51.5107963	-0.09377289999999999
918	Cavendish Square Gardens	51.5161831	-0.1444203
919	Design Centre	51.4783115	-0.1814348
920	Richmond Green	51.46472840000001	-0.2686998
921	Venn Street Market	51.4625169	-0.1381981
922	St Sophia's Cathedral	51.512415	-0.191416
923	Church Street	51.52297770000001	-0.1708939
924	The Parish Church of St John-at-Hampstead	51.5554638	-0.1815408
925	The London Library	51.5074084	-0.1365908
926	Tower of London Ice Rink & Eis Haus Ice bar.	51.50811239999999	-0.0759493
927	Seven Sisters Indoor Market	51.5830889	-0.0727727
928	Myatt's Fields Park	51.4726617	-0.1054387
929	St. Michael Paternoster Royal Church	51.5111527	-0.0920371
930	Jan Smuts Statue	51.5005396	-0.1275137
931	Gipsy Hill Brewery	51.428331	-0.08936250000000001
932	Canada House	51.5105977	-0.129599
933	St Mary's Church, Putney	51.4657367	-0.2136814
934	St John's Waterloo	51.5043282	-0.1125456
935	General Charles George Gordon statue	51.50802119999999	-0.1223785
936	Victoria	51.4974948	-0.1356583
937	British Boot Company	51.53958069999999	-0.142528
938	St. Margaret Lothbury Church	51.5147302	-0.0891206
939	Billingsgate	51.5090486	-0.0840061
940	The Bunker Theatre	51.5046751	-0.0944999
941	Red Cross Cottages & Garden	51.50303299999999	-0.094682
942	Bernie Grants Arts Centre	51.587429	-0.07278100000000001
943	Lee Valley Hockey and Tennis Centre	51.55292619999999	-0.0156376
944	Palm Beach Casino	51.5085989	-0.1439395
945	Colab Factory	51.5004716	-0.0892583
946	Ruskin Park	51.46517	-0.0944626
947	West Hampstead Farmers' Market	51.5474871	-0.191221
948	Old Vic Tunnels	51.4809901	-0.268268
949	Galeria Melissa	51.5121295	-0.1239308
950	Farthing Downs	51.3086195	-0.1330716
951	Tooley Street	51.5073509	-0.1277583
952	Hodge the Cat	51.5150571	-0.1081787
953	Bow Church	51.5284182	-0.0175849
954	HTB Onslow Square	51.49218699999999	-0.1747368
955	Trinity Square Gardens	51.51062	-0.07479
956	Oasis Sports Centre	51.5157225	-0.1257426
957	King's College London Chapel	51.5114864	-0.115997
958	Haggerston Park	51.5337171	-0.0659635
959	Lammas Park	51.50295930000001	-0.3116298
960	Whitechapel Road	51.5073509	-0.1277583
961	Portland Place	51.5073509	-0.1277583
962	Bow Street	51.5073509	-0.1277583
963	Howard Griffin Gallery	51.52404809999999	-0.0774897
964	Society of Antiquaries of London	51.5089975	-0.1394447
965	Henry John Temple Statue	51.5005396	-0.1275137
966	The Russian Orthodox Church	51.5006377	-0.1691503
967	Imperial College Sports Centre	51.5001573	-0.1734206
968	Snap Galleries London	51.5080789	-0.1391386
969	Queen's Chapel	51.5045855	-0.1378269
970	Cavendish Square	51.5170123	-0.144109
971	Maughan Library	51.5114864	-0.115997
972	River Lee Navigation	51.643562	-0.0295428
973	St. Giles Cripplegate	51.5162934	-0.0940806
974	Tara Arts	51.4422311	-0.1883832
975	BDA Dental Museum	51.518539	-0.148553
976	New River Walk	51.5424447	-0.09665950000000001
977	West12 Shopping Centre	51.5035374	-0.2191734
978	Neal Street	51.5073509	-0.1277583
979	Stern Pissarro Gallery	51.5060762	-0.1391991
980	Mount Street Gardens	51.5085327	-0.1513101
981	Wimbledon Library	51.42223569999999	-0.208387
982	The Questors Theatre	51.51156169999999	-0.3095093
983	Gate Theatre	51.5095518	-0.1975202
984	The Church of St Vedast Alias Foster	51.5149888	-0.09628579999999999
985	Iraq and Afghanistan Memorial	51.5101078	-0.1174064
986	Belmont Children's Farm	51.621507	-0.231828
987	Islington Green	51.5416351	-0.1021327
988	St. Dunstan's Church	51.5192194	-0.04666
989	Tate Boat	51.4910621	-0.1277886
990	Oval Farmers' Market	51.4814121	-0.1119351
991	The House of Dreams, Stephen Wright	51.4599422	-0.0793434
992	Ridley Road Shopping Village	51.5480621	-0.07156989999999999
993	Empire Casino	51.510952	-0.1305173
994	Emmeline and Christabel Pankhurst Memorial	51.4969444	-0.125
995	Plaza Premium Lounge T5 Departures	51.4710933	-0.4877171
996	11 September 2001 Memorial Gardens	51.5115144	-0.1499934
997	Highams Park	51.6049712	-0.0150036
998	Church of St. Martin-within-Ludgate	51.51407099999999	-0.1020114
999	Marx Memorial Library	51.5229739	-0.1056922
1000	Fine Art Society	51.5113164	-0.1437397
1001	July 7 Memorial (London Bombing Memorial)	51.5055489	-0.15152
1002	Carlton House Terrace	51.50464849999999	-0.1338731
1003	The British Vintage Wireless and Television Museum	51.4334538	-0.093029
1004	Southbank Mosaics	51.504547	-0.112088
1005	Tibetan Peace Garden	51.4961429	-0.1046993
1006	William Tyndale Statue	51.50556030000001	-0.1245557
1007	Major General Sir Henry Havelock Statue	51.508039	-0.128069
1008	Tristan Bates Theatre	51.5131227	-0.1281589
1009	Bedford Square	51.5186033	-0.1296322
1010	Shoreditch Town Hall	51.5269324	-0.07913919999999999
1011	New Diorama Theatre	51.5249397	-0.1421559
1012	Westway Sports & Fitness Centre	51.5161771	-0.2189864
1013	Union Theatre	51.503279	-0.101807
1014	Russel Square Station	51.5230129	-0.1245902
1015	Chindit Memorial	51.5028758	-0.1242439
1016	Gillespie Park Nature Reserve and Islington Ecology	51.5580886	-0.1067109
1017	Newton Monument	51.5299658	-0.1276734
1018	The Place	51.527182	-0.129092
1019	Skylark Galleries	51.50760589999999	-0.1099282
1020	Ronald Reagan Statue	51.4825655	-0.1322369
1021	The Goldsmiths Company	51.5157113	-0.0959423
1022	Statue of George V	51.4983821	-0.125758
1023	Omnibus Theatre	51.46364999999999	-0.142405
1024	Champion Hill	51.4626199	-0.0827126
1025	Cheyne Walk	51.5073509	-0.1277583
1026	Museum of Comedy	51.517615	-0.1248461
1027	Gunnersbury Triangle	51.4983646	-0.2741247
1028	Bold Tendencies	51.4708449	-0.067463
1029	British Optical Association Museum	51.5078207	-0.1253125
1030	Young Dancer	51.5139315	-0.1219893
1031	L.C.C. Fire Brigade Station Euston 1902	51.5276478	-0.1308006
1032	Store Studios	51.5122712	-0.1149584
1033	The CLF Art Cafe	51.4698162	-0.0681097
1034	Whiteleys	51.51502079999999	-0.1885997
1035	Islington Museum	51.5263786	-0.1045351
1036	Haunch of Venison	51.5135362	-0.1467417
1037	The Food Market Chiswick	51.48097869999999	-0.2567865
1038	Grosvenor Casino Barracuda, London	51.51647089999999	-0.1551744
1039	London New Cavendish Street	51.5196848	-0.1452281
1040	Central Saint Giles	51.5160322	-0.1271091
1041	Players' Theatre	51.50803699999999	-0.124207
1042	Zabludowicz Collection	51.546038	-0.1532714
1043	Prince Albert Equestrian Statue	51.5177348	-0.1080163
1044	Markfield Beam Engine Museum	51.5827189	-0.0638198
1045	Kensington Leisure Centre	51.5138889	-0.2145673
1046	Tottenham Green Market	51.5873037	-0.0721425
1047	St Ethelburga's	51.515431	-0.0817687
1048	Proud Galleries	51.5093471	-0.1229297
1049	Downing Street	51.503192	-0.1267431
1050	Forge Music and Arts Venue	51.53694669999999	-0.1416608
1051	Cervantes Theatre	51.503279	-0.101807
1052	Mare Street	51.5407734	-0.0548095
1053	Hang-Up Gallery	51.5537784	-0.0750687
1054	Saint Saviour Pimlico	51.48844769999999	-0.1352779
1055	St Andrew Holborn	51.5170227	-0.1067911
1056	Brockwell Park	51.4487147	-0.1016388
1057	West London Synagogue	51.515451	-0.1616306
1058	Upper and Lower Grosvenor Gardens	51.49783559999999	-0.1461973
1059	Raven Row	51.5181243	-0.0767963
1060	Battersea Sports Centre	51.4647765	-0.1790288
1061	The Memorial to the Brigade of Gurkhas	51.5049482	-0.1243645
1062	The Brunel Museum at Rotherhithe	51.501375	-0.05229909999999999
1063	Boma Garden Centre Ltd	51.5494085	-0.1373598
1064	Chelsea Embankment Gardens	51.48411979999999	-0.1609723
1065	Fishmongers' Hall	51.509354	-0.087622
1066	Canopy Market	51.5360097	-0.123455
1067	Gladstone Park	51.560443	-0.2357175
1068	Oliver Cromwell Statue	51.4994796	-0.1248094
1069	The Horse Hospital	51.5230468	-0.1235118
1070	Joy of Life Fountain	51.5072682	-0.1657303
1071	Bernard Montgomery Statue	51.5073509	-0.1277583
1072	Graffiti in Shoreditch	51.52849	-0.084728
1073	College of Arms	51.5122355	-0.0986283
1074	Honor Oak Park	51.4494464	-0.04326899999999999
1075	The Church Of The Holy Cross	51.5276151	-0.1233492
1076	St Mark's Regent Park	51.5378401	-0.152331
1077	StolenSpace Gallery	51.5164643	-0.0702312
1078	Pump House Gallery	51.4791075	-0.1564981
1079	Gatehouse Theatre	51.57140769999999	-0.1500475
1080	Pymmes Park	51.6190125	-0.0691258
1081	Golden Square	51.5120431	-0.1396347
1082	Marc Bolan's Rock Shrine	51.4648109	-0.2369063
1083	Coronation Gardens	51.5600544	-0.0133434
1084	Tarn Bird Sanctuary	51.44141459999999	0.0514426
1085	Crockfords	51.506442	-0.1490758
1086	St. Olaf Statue	51.5076104	-0.129983
1087	Pace Gallery	51.5098117	-0.1401696
1088	Photofusion	51.4616908	-0.1140335
1089	Noor Inayat Khan Statue	51.5244624	-0.130413
1090	Millbank Tower	51.492356	-0.125933
1091	Coulsdon Common	51.29787719999999	-0.1078177
1092	UCL Art Museum	51.524735	-0.1335569
1093	Chrisp Street Market	51.5114048	-0.0137806
1094	Trades Union Congress Building	51.5176022	-0.1285749
1095	John Snow Saloon	51.5134292	-0.1364109
1096	Anaesthesia Heritage Centre	51.51943559999999	-0.145126
1097	Cadence Performance Ltd	51.4197255	-0.077708
1098	Charlie Chaplin' House	51.4874899	-0.1105404
1099	Society of Genealogists	51.5226986	-0.09869920000000001
1100	The Geological Society	51.5092548	-0.1397032
1101	Elfin Oak	51.506987	-0.179165
1102	The Yard Theatre	51.5430547	-0.0230523
1103	George Washington Statue	51.508039	-0.128069
1104	Emmanuel Centre	51.4960904	-0.1289786
1105	The Asylum Chapel	51.4793153	-0.06085620000000001
1106	Dairy Art Centre	51.5259011	-0.1224405
1107	Barnes Green	51.4732431	-0.2457223
1108	Clowns' Gallery & Museum	51.5443743	-0.07305550000000001
1109	Coronet Cinema	51.5080898	-0.1976446
1110	Curious Duke Gallery	51.5237155	-0.09351899999999999
1111	Kilburn	51.5073509	-0.1277583
1112	Hammersmith Cemetery	51.4901741	-0.2153764
1113	Backyard Market	51.5209735	-0.0725038
1114	Smollensky’s Bar	51.5043337	-0.0194629
1115	Abbott & Holder	51.5179218	-0.1258881
1116	King William IV statue	51.4769095	0.0014643
1117	The Jozef Pilsudski Institute	51.4935842	-0.237489
1118	London Docklands Visitor Centre	51.4979668	-0.0134191
1119	Charter House	51.5212952	-0.1000121
1120	Trinity Hospital	51.4843385	-0.0013274
1121	Inverness Street Market	51.5391559	-0.145026
1122	Viewfinder Photography Gallery	51.477567	-0.0106536
1123	St John the Baptist	51.5031287	-0.2146521
1124	Waterloo East Theatre	51.5043303	-0.1088887
1125	Dunamis	51.5056442	-0.1509648
1126	Transport For London	51.5073509	-0.1277583
1127	The Poetry Library	51.50580619999999	-0.1166288
1128	Archway Bridge	51.570693	-0.1381524
1129	Zuleika Gallery	51.5075874	-0.1373575
1130	Marlborough Contemporary	51.5084927	-0.1410783
1131	Pressure Drop Brewing	51.59054829999999	-0.05812179999999999
1132	Guildhall Library	51.515728	-0.09298
1133	Skieasy Indoor Ski Slopes	51.4726571	-0.2649412
1134	Curwen Gallery	51.5185464	-0.1342724
1135	Westminster Scholars War Memorial	51.50022209999999	-0.1290273
1136	The Wonderpass	51.5221846	-0.1575292
1137	St Mary's Gardens	51.4951387	-0.1208425
1138	Russia Dock Woodland	51.5048836	-0.0445573
1139	Stratford Park	51.5377851	0.0058046
1140	Not the Royal Academy	51.5025321	-0.1094611
1141	Upstairs at The Gatehouse	51.5714907	-0.1500331
1142	The Junk Shop	51.4776101	-0.0120023
1143	Rowland Hill Statue	51.51619700000001	-0.1002723
1144	Milton Court Concert Hall	51.5198876	-0.09170049999999999
1145	St Barnabas Church	51.5270829	-0.309316
1146	Farringdons Jewellery	51.5195994	-0.1073114
1147	The Hope Theatre	51.5432832	-0.1035182
1148	Longplayer	51.508064	0.0083377
1149	Porchester Square Gardens	51.5134339	-0.183801
1150	Royal Victoria Gardens	51.4997771	0.0632254
1151	Cutler's Hall	51.4827794	-0.2140381
1152	Nunnery Gallery	51.5287879	-0.0176911
1153	East Ham Central park	51.5293559	0.0470274
1154	Simone Bolivar Statue	51.4992193	-0.1534591
1155	Our Lady of the Assumption and Saint Gregory	51.5108641	-0.1375571
1156	Gallery Fumi	51.509373	-0.1435327
1157	East Ham Nature Reserve	51.5228574	0.0589565
1158	The Mosaic Rooms	51.4948787	-0.1953559
1159	Bow Creek Ecology Park	51.5179564	0.0033647
1160	Blain/Southern	51.5134574	-0.1428969
1161	Hugh Trenchard Statue	51.50802119999999	-0.1223785
1162	Execution Dock	51.5030225	-0.0604722
1163	The Park Tower Casino London	51.5017422	-0.1587775
1164	Priory Park	51.5853559	-0.1259997
1165	Prince Henry the Navigator Statue	51.4984271	-0.1558091
1166	Flea at Flat Iron Square	51.50459799999999	-0.09496099999999999
1167	St Matthias Old Church	51.5090332	-0.0161241
1168	Hampstead Museum	51.558136	-0.175072
1169	Pendulum of Mayfair Ltd - Antique Grandfather Clocks	51.5123706	-0.1440376
1170	UCL Geology Collections	51.52455920000001	-0.1340401
1171	Hyde Park Chapel Visitors’ Centers	51.498106	-0.1738706
1172	West Street	51.5128184	-0.1280066
1173	Stockwell playhouse	51.4755202	-0.1316206
1174	Honest Grapes Ltd	51.463791	-0.115286
1175	Pitzhanger Manor	51.5109554	-0.3070946
1176	65 Queen's Gate, Baden-Powell House	51.4955191	-0.1796034
1177	Princess Diana/Dodi Fayed Memorial	51.49940549999999	-0.1632344
1178	Joe Strummer Mural London	51.5150653	-0.2086065
1179	Kelmscott House	51.4904441	-0.2360038
1180	Bethnal Green Station	51.5273496	-0.0556985
1181	London Natsume Soseki Memorial Hall	51.4657565	-0.1472484
1182	St. Georges Square	51.486205	-0.1337512
1183	Gagliardi Gallery	51.4807909	-0.183962
1184	Franklin D. Roosevelt Memorial	51.5115144	-0.1499934
1185	WaterWorks Centre & Middlesex Filter Beds	51.564804	-0.03585800000000001
1186	Black Death Burial Pit	51.5203441	-0.0989617
1187	Queens Park Farmers' Market	51.5382864	-0.2074794
1188	Hay Hill Gallery	51.5179947	-0.1558398
1189	St Anne's Churchyard,	51.51329	-0.133872
1190	Obelisks of Nectanebo II	51.5194133	-0.1269566
1191	Golborne Road	51.52262870000001	-0.2073784
1192	Hoxton Square	51.5073509	-0.1277583
1193	John F. Kennedy Memorial	51.5225576	-0.1554254
1194	Park Lane Club London	51.505332	-0.150255
1195	Christopher Columbus Statue	51.4985699	-0.1542555
1196	Bhrams and Liszt	51.5519136	-0.0438064
1197	Westbourne Grove	51.5149197	-0.1960371
1198	Norfolk Square Gardens	51.5073509	-0.1277583
1199	Jose de San Martin Statue	51.4992193	-0.1534591
1200	Kilburn Grange Park	51.5440862	-0.198191
1201	Henry Bartle Frere Statue	51.5101078	-0.1174064
1202	Church of Christ the King	51.5236207	-0.1308782
1203	Brick Lane Jamme Masjid	51.519355	-0.071977
1204	Grosvenor Chapel	51.5091437	-0.1510218
1205	The Camden Centre	51.5289206	-0.1256951
1206	Gilbert Collection	51.511059	-0.117148
1207	Charnel House	51.5197349	-0.0775748
1208	Fan Bridge	51.5189515	-0.1731155
1209	Earth Natural Foods	51.5478883	-0.1411457
1210	David Roberts Art Foundation	51.5351655	-0.1393045
1211	New End Theatre	51.5588486	-0.1775734
1212	The Greenwich Vintage Market	51.4804799	-0.0096571
1213	Italian Cultural Institute	51.4996647	-0.1519173
1214	Pitshanger Park	51.5282613	-0.313296
1215	Plaque Giuseppe Mazzini	51.5222784	-0.1112516
1216	Fleet Air Arm Memorial	51.5051843	-0.1229244
1217	Brenchley Gardens Park	51.4513326	-0.0589445
1218	St. Mary-At-Finchley	51.5996999	-0.1977067
1219	Warren Street Maze	51.4786568	0.0062277
1220	Hyde Park Sporting Club	51.502591	-0.173357
1221	Waterloo Millennium Green	51.5004942	-0.1109849
1222	St John at Hackney Church	51.549089	-0.053338
1223	St Nicholas Cole Abbey	51.5120945	-0.0969712
1224	Rowley Gallery	51.5090678	-0.196328
1225	Annely Juda Fine Art	51.51426799999999	-0.1456187
1226	Statue of General Sir James Outram	51.508396	-0.121205
1227	Belgrave Square Garden	51.4985699	-0.1542555
1228	Bessborough Gardens	51.4923091	-0.1370471
1229	Lisson Gallery	51.5211501	-0.1683318
1230	Percival David Foundation of Chinese Art	51.5250087	-0.1306619
1231	Ducketts Common	51.5897781	-0.102678
1232	St Peter's Barge	51.5111163	-0.0270997
1233	Masala Kitchen	51.4571891	-0.1873994
1234	Adm Of Fleet Earl Mountbatten Of Burma Statue	51.5017638	-0.1291079
1235	Tossed	51.5313996	-0.1158812
1236	Crabtree Fields	51.5195964	-0.1345512
1237	Origin Gallery	51.4810048	-0.0093002
1238	Outdoors in the City	51.512165	0.0465256
1239	Hahn/Cock Sculpture	51.508039	-0.128069
1240	Holy Trinity Barnes	51.4844315	-0.2334405
1241	Laure Genillard	51.5169213	-0.1324051
1242	Old Kensington	51.5073509	-0.1277583
1243	Visions of the Universe exhibition	51.480875	-0.005289
1244	Russian Patriarchal Orthodox cathedral	51.48982299999999	-0.2760375
1245	Ambika P3	51.52235229999999	-0.1549735
1246	St. Dominic's Priory Church	51.5506202	-0.156637
1247	St Andrews Undershaft	51.5148109	-0.080756
1248	Turner Art Prize Exposition	51.4910621	-0.1277886
1249	The Barnes Trail	51.4735492	-0.2480453
1250	GRAD	51.5174349	-0.1406766
1251	Conway Hall	51.5196682	-0.1183506
1252	James Abbott McNeill Whistler Statue	51.4832575	-0.1695088
1253	Old Town Hall Stratford	51.5404654	0.0018858
1254	Hawkes Cidery and Taproom	51.4994465	-0.0748264
1255	Montagu Square	51.5073509	-0.1277583
1256	Joseph Brodsky Memorial Plaque	51.5652385	-0.1836857
1257	Black Cat Cabaret	51.5105977	-0.129599
1258	Bazaar at the Arcola Theatre	51.54689949999999	-0.07495399999999999
1259	Jimmy Cauty's Model Village	51.504434	-0.0956765
1260	St Marks Dalston	51.5505364	-0.0712592
1261	St. Anne's Lutheran Church	51.5104281	-0.08397969999999999
1262	Atomica Gallery	51.5144221	-0.1358161
1263	London Fencing Club	51.5260218	-0.09523079999999999
1264	St James's Church	51.51302459999999	-0.1760619
1265	Statue of King Richard the Lionheart	51.49812499999999	-0.127022
1266	Putney Arts Theatre	51.4604858	-0.2197592
1267	The Francis Crick Institute Building	51.5316498	-0.1287455
1268	Greenwood Theatre	51.5025756	-0.0859061
1269	Chapter House and Pyx Chamber	51.4992921	-0.1273097
1270	London's First Drinking Fountain	51.5166547	-0.1016947
1271	Chiosco	51.4501141	-0.1247531
1272	The Depot	51.5029984	-0.2803455
1273	Hanover Square	51.5125497	-0.1429338
1274	EMI House	51.5164469	-0.1526314
1275	Gladstone Monument	51.51331099999999	-0.115405
1276	Belarusian St Cyril of Turau Church in London	51.6173466	-0.184594
1277	St Paul's Church Gardens	51.5103808	-0.1241111
1278	Fleming Antiques	51.54161329999999	-0.1476336
1279	Art Work Space	51.4983359	-0.2223715
1280	Old Church Garden	51.51991599999999	-0.1517747
1281	Ukrainian Catholic Cathedral of the Holy Family	51.513765	-0.1506922
1282	Galerie Thaddaeus Ropac	51.5084536	-0.1426567
1283	South Western Railway	51.5073509	-0.1277583
1284	St Benet Paul's Wharf	51.5119458	-0.0990578
1285	St Mary's Church	51.51979009999999	-0.1618507
1286	The Old Burial Ground	51.4503122	-0.0852652
1287	Sh! Women's Emporium	51.5272722	-0.0837501
1288	Movie Poster Art Gallery	51.5172059	-0.1352534
1289	Haven Green	51.5152777	-0.3034657
1290	Central Saint Gilles	51.5073509	-0.1277583
1291	St. Gabriel's Church	51.4900754	-0.1422455
1292	Hammerton Brewery	51.5430637	-0.1153407
1293	The Nursery Theatre	51.5199665	-0.0848285
1294	Cannizaro Park	51.5073509	-0.1277583
1295	Paddington Basin	51.530091	-0.282709
1296	The Space	51.492163	-0.0242176
1297	Two Men on a Bench	51.50456879999999	-0.0225681
1298	Princess Alice Disaster Memorial	51.4242488	-0.2275136
1299	Geraldine Mary Harmsworth Park	51.4961528	-0.1128593
1300	ArtsCafe	51.4567252	-0.0017518
1301	Bela Bartok Memorial Kensington	51.4896337	-0.1908716
1302	St. Augustine Queens Gate	51.4925478	-0.1780611
1303	Redfern Gallery	51.5100626	-0.141091
1304	The Noble Sage Art Gallery	51.5898408	-0.1634065
1305	Roman Black Gallery	51.4770423	-0.2028388
1306	Agnew's	51.5084283	-0.1405032
1307	Norton Folgate Alms Houses	51.5196005	-0.0739655
1308	Artillery Passage	51.5180853	-0.0774005
1309	The Inner Temple Library	51.512938	-0.109615
1310	Capital Art Gallery	51.4566738	0.05086
1311	Our Most Holy Redeemer & S. Thomas More Catholic Church	51.4833669	-0.1699128
1312	Drury Lane Gardens	51.5145532	-0.1213633
1313	Chats Palace	51.550211	-0.042876
1314	Tom Cribbs memorial	51.4915166	0.0614466
1315	St Mary's Stoke Newington	51.56083	-0.08448889999999999
1316	Roundwood Park	51.54173429999999	-0.2352174
1317	Eagle Squadrons Memorial	51.5115144	-0.1499934
1318	Sir Henry Wilson Bart	51.51875159999999	-0.0814374
1319	Queen Caroline's Temple	51.5047891	-0.1750075
1320	The Temple Gallery	51.51039489999999	-0.2102845
1321	Mile End Park	51.5265301	-0.0368102
1322	Kachette	51.5273581	-0.0786262
1323	Lesley Craze Gallery	51.5228824	-0.1059221
1324	De Morgan Centre	51.4570179	-0.2010319
1325	Holy Trinity Eltham	51.44862639999999	0.0640883
1326	Baroness Burdett Coutts Drinking Fountain	51.5365614	-0.038972
1327	Van Gogh Exhibition	51.5094426	-0.1398686
1328	St George in the East Church	51.51000000000001	-0.059722
1329	Will To Win Tennis - Regents Park	51.525577	-0.153803
1330	Browse & Darby Gallery	51.51002219999999	-0.1410368
1331	Leg O Mutton Reservoir	51.4815208	-0.2470320999999999
1332	Atom Gallery	51.5551174	-0.0897111
1333	Druid St Market	51.4991199	-0.0736468
1334	Centre of the Cell	51.516594	-0.06108899999999999
1335	St Georges Garrison Church	51.4862269	0.0630514
1336	Albion Riverside	51.4794435	-0.1702983
1337	The Graffiti Life Gallery	51.5234776	-0.07039580000000001
1338	Well street market	51.5446023	-0.046576
1339	Oasis Farm Waterloo	51.498482	-0.116426
1340	Bermondsey Project Space	51.498722	-0.080986
1341	Leeke Street	51.5073509	-0.1277583
1342	Camberwell Old Cemetary	51.441035	-0.061009
1343	Wendell Park Market	51.50337	-0.248932
1344	Kynance Mews	51.4964763	-0.1790976
1345	Phoenix Garden	51.5144001	-0.1285292
1346	Kenley Common	51.31900839999999	-0.09878719999999999
1347	Zari Gallery	51.5177012	-0.1359482
1348	The Temple	51.5680381	0.042394
1349	Canonbury Grove	51.5412621	-0.08813879999999999
1350	Palewell Common and Fields	51.4593778	-0.2625779
1351	Potterton Books	51.48984859999999	-0.1560137
1352	City Business Library	51.51584580000001	-0.09280139999999999
1353	Alfred Hitchcock Mosaics -Leytonstone tube station	51.5682983	0.008291999999999999
1354	The Danish Church of St Katharine's	51.5338411	-0.146739
1355	Garden Suburb Theatre	51.5875962	-0.1957043
1356	St. Peter the Apostle	51.4883795	0.06669459999999999
1357	The Abercorn Arms, Teddington	51.4285101	-0.3383233
1358	T.S. Eliot Home	51.49995269999999	-0.1877162
1359	Weird Beard	51.5001088	-0.3381976
1360	Bramley's Big Adventure	51.5163427	-0.2168458
1361	Serena Morton 11 Gallery	51.5237771	-0.213899
1362	The Gina Cabaret	51.4582607	-0.05216759999999999
1363	Royal Pharmaceutical Society Museum	51.4944307	-0.1192782
1364	Eames Fine Art	51.5017655	-0.08240109999999999
1365	The Lemongrove Gallery	51.4922811	-0.2617466
1366	South London Botanical Institute	51.442211	-0.1051392
1367	Half Moon Theatre	51.5132552	-0.0411389
1368	Clapton Pond	51.5553212	-0.0543512
1369	The Home Office Building	51.4958548	-0.1299
1370	Thackeray Gallery	51.50051020000001	-0.1887752
1371	My Old Dutch	51.4689206	-0.2582967
1372	Sidmouth Park	51.560985	-0.0070747
1373	Walthamsow Reservoirs	51.5073509	-0.1277583
1374	Old Ford Lock at Bow Wharf Canalside	51.5319331	-0.0413143
1375	Waddington Galleries	51.510164	-0.141449
1376	Thames Baths Lido	51.5112296	-0.1139601
1377	Britain's Museum of Popular Music	51.51738	-0.08842900000000001
1378	Anerley Methodist Church	51.4149486	-0.0611858
1379	The London Ale Trail	51.51739	-0.1200033
1380	The Mystery of Edwin Drood	51.51200009999999	-0.1275659
1381	Windrush Square	51.460992	-0.11492
1382	St. Mark’s	51.48269699999999	-0.114741
1383	Willesden Jewish Cemetery	51.548961	-0.239096
1384	Maryon Park	51.6116472	-0.1207212
1385	Heathrow Travel Information Centre	51.4713495	-0.4523915000000001
1386	Partizan Brewing	51.4914763	-0.05758360000000001
1387	Statue of John Wesley	51.5132942	-0.0989009
1388	King's Cross Methodist Church	51.530006	-0.1224151
1389	The Salvation Army International Heritage Centre	51.4677295	-0.0887369
1390	Bomber Harris Memorial	51.5132886	-0.1147497
1391	Knights Templar Column	51.5128905	-0.1097816
1392	Nine Elms Sunday Market	51.47955	-0.138273
1393	St Andrew's Gardens	51.5261949	-0.117534
1394	Church of St. Botolph without Bishopsgate	51.5138557	-0.075803
1395	Cortesi Gallery London	51.51267439999999	-0.142934
1396	Tyburn Convent	51.5131281	-0.163617
1397	Blackwall Tunnel	51.3689461	-0.3824198
1398	The Approach	51.40905240000001	-0.2287862
1399	The Jubilee Greenway	45.4408474	12.3155151
1400	Holborn Viaduct	51.51710600000001	-0.1044407
1401	Red Lion Square Gardens	51.5197187	-0.1171149
1402	The Museum of Wimbledon	51.4233596	-0.216495
1403	Walpole cinema facade	51.51156169999999	-0.3095093
1404	Wembley Park	51.55916449999999	-0.2806691
1405	Holy Trinity Church	51.4376527	-0.1620099
1406	The Penny Panther	51.5093526	-0.1516768
1407	Jumping Jacks Play Cafe	51.4648499	-0.2458613
1408	FreeFit	51.563296	-0.107435
1409	St John's Wood Church	51.53046819999999	-0.1682359
1410	Vauxhall Pleasure Gardens	51.489151	-0.1189319
1411	Putney Vale Cemetery	51.4384234	-0.2474287
1412	St. Mary's Church	51.5383594	-0.1017938
1413	St. Anne's Church, Limehouse	51.509947	-0.0302813
1414	Cartwright Gardens	51.5268433	-0.1274245
1415	St Peter's Church	51.5151782	-0.1471759
1416	Corpus Christi Catholic Church	51.5109066	-0.1224071
1417	Emily Pankhurst Statue	51.4969444	-0.125
1418	Hampstead Food Market	51.55631380000001	-0.1793191
1419	Soup Kitchen for the Jewish Poor	51.5179516	-0.07509009999999999
1420	The Sidings N21	51.6337769	-0.1011213
1421	St Stephen's Church	51.4952605	-0.1829272
1422	Ellis Street	51.4942999	-0.1574088
1423	Middlesex Guildhall	51.5005874	-0.1278586
1424	Swiss Cottage Climbing Centre	51.542131	-0.172711
1425	Dana Centre	51.4970922	-0.1790556
1426	EeBria Taproom	51.491722	-0.0595668
1427	Eltham Parish Church	51.45112899999999	0.0507501
1428	Whittington Park	51.563469	-0.1298359
1429	Nederlandse Kerk	51.5154463	-0.0855245
1430	St Mary's Secret Garden	51.5329558	-0.0760484
1431	St. Augustine's Tower	51.5498764	-0.05193329999999999
1432	St. Philip's Church	51.4961364	-0.1970102
1433	St Georges RC Cathedral	51.4964263	-0.105544
1434	Russian National Tourist Office	51.5088097	-0.1949508
1435	Eltham Park South	51.45753	0.0645018
1436	Metropolitan Tabernacle Baptist Church at Elephant and Castle	51.4944201	-0.1006993
1437	Peasants' Revolt Plaque	51.5167628	-0.0986751
1438	Crosby Hall	51.4822217	-0.1730869
1439	Kensington Temple	51.5100772	-0.1986303
1440	St Katherine Cree	51.5134617	-0.0790092
1441	Church of Saint Anselm & Saint Cecilia	51.5167207	-0.1189408
1442	Church of St James the Less	51.490707	-0.1348349
1443	Great Eastern Railway War Memorial	51.51875159999999	-0.0814374
1444	Resistance Gallery	51.5296672	-0.05669519999999999
1445	The Dockers Sculpture	51.5077767	0.0300599
1446	St Edmund, King and Martyr Church	51.51229319999999	-0.0863391
1447	O2 Shop	51.5071642	-0.2215418
1448	St George's Campden Hill	51.50652059999999	-0.2010292
1449	RHS Lindley Library	51.4945035	-0.1346415
1450	Lord Portal of Hungerford	51.5101078	-0.1174064
1451	Peckham Platform	51.47384169999999	-0.0693773
1452	Bramford Gardens	51.4603495	-0.1882435
1453	Wanstead Flats Playing Fields	51.5552015	0.0359817
1454	Brockley and Ladywell Cemeteries	51.4547755	-0.0324155
1455	Hermitage Rooms at Somerset House	51.511059	-0.117148
1456	London Fo Guang Shan Temple	51.517095	-0.1381836
1457	Speke Monument	51.506987	-0.179165
1458	Sir Hugh Myddelton Statue	51.5365435	-0.1032053
1459	Thames Galleries	51.4681715	-0.2231666
1460	Chelsea Affiliated Synagogue	51.4881459	-0.1628046
1461	London Underwriting Centre	51.5106072	-0.0814128
1462	Hamilton's	51.5105184	-0.1498129
1463	Studio Fusion Gallery	51.5083466	-0.1082782
1464	Pangolin London	51.534935	-0.121753
1465	St. Pius X Catholic Church	51.521528	-0.2138413
1466	Streatham Ice and Leisure Centre	51.4237489	-0.1312552
1467	The Reel Poster Gallery	51.5153956	-0.1926185
1468	Rupert Cavendish	51.4915659	-0.1602574
1469	New Caledonian Market	51.50068340000001	-0.0818074
1470	Freightliners City Farm	51.54777499999999	-0.111466
1471	Parson's Green Farmers' Market	51.4719186	-0.2044951
1472	Goethe Institute	51.4995981	-0.1740018
1473	Quantum Cloud (sculpture).	51.50222	0.009189
1474	Picks Cottage Fishery Ltd	51.65107	-0.00772
1475	Finsbury Square	51.5213225	-0.08710319999999999
1476	Sutton Junior Tennis Club	51.38080799999999	-0.19321
1477	Prince Henry's Room	51.5136619	-0.1108935
1478	Dolphin Swimming Club	51.5221648	-0.1313168
1479	Aladdins	51.56945589999999	-0.1243966
1480	Grosvenor Prints	51.5132661	-0.1266117
1481	Storeys	51.5100255	-0.2268465
1482	Crofton Park Library	51.4553602	-0.0363633
1483	Electric Avenue	51.4622233	-0.1140086
1484	FA Premier League Hall of Fame	51.5073509	-0.1277583
1485	50 St James	51.58098	-0.03289
1486	Altab Ali Park	51.516148	-0.067562
1487	Wimbledon Art Studios	51.4325917	-0.188108
1488	St Cuthbert’s Church	51.4906849	-0.2000532
1489	The View	51.6344724	0.0172121
1490	Viscount Palmerston Statue	51.5005396	-0.1275137
1491	Royal Arsenal Farmers' Market	51.494211	0.06955399999999999
1492	Sussex Gardens Open Space	51.5133522	-0.1752893
1493	Old Gloucester Street Garden	51.5073509	-0.1277583
1494	Lady Henry Somerset Memorial	51.5101078	-0.1174064
1495	Statue of John Stuart Mill	51.5103872	-0.1163808
1496	Angel Central Shopping Centre	51.5340547	-0.106413
1497	Sladmore Gallery	51.5098007	-0.1445802
1498	Cricket Fine Art	51.4859956	-0.1804968
1499	Ditton Park	51.4913641	-0.5601524999999999
1500	High Street	51.5341761	-0.007005699999999999
1501	Southeastern	51.5073509	-0.1277583
1502	Princes Arcade	51.5081621	-0.1376937
1503	Ridley Road Market	51.548156	-0.07567120000000001
1504	Lordship Recreation Ground	51.4493611	-0.07453499999999999
1505	Museum of Soho	51.5109208	-0.1355804
1506	Parliament Hill Athletics Track	51.557101	-0.155636
1507	Fruit & Veg Fresh Smoothie	51.5468719	-0.09878519999999999
1508	Abbott's Park	51.5715409	-0.007795900000000001
1509	The Georgian Squares of London	51.5073509	-0.1277583
1510	East End gallery-hopping	51.526287	-0.061433
1511	Randolph Road	51.5236473	-0.1811365
1512	Israel Zangwill's House	51.5325451	-0.042711
1513	The london stone	51.5115858	-0.0894451
1514	Petticoat Lane	51.5164594	-0.0766177
1515	The hot box	51.50468679999999	-0.1264517
1516	Capital Car Boot Sale	51.4883397	-0.1373051
1517	Broad Street Cholera Pump	51.5133968	-0.1365473
1518	Sutcliffe Park	51.4530258	0.0290588
1519	Sunnamusk	51.5173292	-0.0673631
1520	The Eltham Centre	51.451454	0.0576372
1521	Earls Court Exhibition Center	51.5073509	-0.1277583
1522	Southmere Park	51.4994588	0.1272493
1523	Museum of Architecture	51.4960906	-0.1701625
1524	Euston Square Gardens	51.52671549999999	-0.1326658
1525	Chelsea Sports Centre	51.4868864	-0.1671903
1526	Whitfield Fine Art	51.51426799999999	-0.1456187
1527	Pancras Square Leisure Centre	51.5338304	-0.1249583
1528	Southeastern Railway	51.5073509	-0.1277583
1529	Crystal Palace National Sports Centre	51.4186446	-0.07429569999999999
1530	Cheney Road	51.5073509	-0.1277583
1531	East Ham Market Hall	51.5342751	0.05250929999999999
1532	Menier Gallery	51.5046425	-0.09436069999999999
1533	Kinetica Museum	51.5429653	-0.0579642
1534	Toynbee Studios	51.5164847	-0.0723207
1535	Werner Gallery	51.51141819999999	-0.1560861
1536	Westow Street Market	51.41834009999999	-0.0813019
1537	Highbury Pool	51.54805589999999	-0.1047369
1538	Magda Danysz Gallery	51.5197847	-0.1362932
1539	Connaught village	51.5145996	-0.1653238
1540	Waterfront Leisure Centre	51.4939971	0.06340939999999999
1541	Ben Oakley Gallery	51.481338	-0.0085874
1542	Westminster PT Academy	51.5213905	-0.1312256
1543	The Coronet	51.4950179	-0.09880979999999999
1544	Queen Mother Sports Centre	51.4933325	-0.1405268
1545	Pirates Playhouse	51.56526119999999	-0.0926153
1546	Excess Baggage Company	51.5073509	-0.1277583
1547	Hornsey Town Hall Arts Centre	51.5786849	-0.1227248
1548	Jurassic Kingdom	51.4838901	-0.348405
1549	Millicent Fawcett Statue	51.5006826	-0.1274981
1550	Camden High Street	51.53531479999999	-0.138916
1551	Philip Mould & Co	51.50690909999999	-0.1337699
1552	Flowers Gallery	51.5101802	-0.1410114
1553	Swiss Cottage Farmers' Market	51.5446481	-0.1695093
1554	London Sri Mahalakshmi Temple	51.5406065	0.0504064
1555	Sprueth Magers	51.51004340000001	-0.1436872
1556	Architectural Association School of Architecture	51.5182997	-0.1308269
1557	George Canning Statue	51.5006826	-0.1274981
1558	Bethnal Green Gardens	51.5073509	-0.1277583
1559	Bust of Jawaharlal Nehru	51.5120525	-0.2334815
1560	Statue of Samuel Johnson	51.5130722	-0.1141015
1561	Stairway to Heaven Memorial - Bethnal Green	51.5273496	-0.0556985
1562	Monumnet to William Forster	51.5101078	-0.1174064
1563	Monument to Charles Fryatt	51.51875159999999	-0.0814374
1564	William Pitt Statue in Hannover Square	51.5137334	-0.1444428
1565	Flaxman Gallery - UCL	51.52455920000001	-0.1340401
1566	Hiver Beers Ltd	51.4988655	-0.0746643
1567	Image of the Black in London Galleries	51.48699269999999	0.1177752
1568	Picasso's Place	51.5588886	-0.1783917
1569	Joseph Fine Art	51.5170007	-0.1263331
1570	The House Of Fine Art	51.5077995	-0.1317009
1571	Joseph Lister's monument	51.5202755	-0.1449139
1572	George Stuart White Equestrian Statue	51.5202755	-0.1449139
1573	Bomber Harris Statue	51.5130722	-0.1141015
1574	Statue of Hugh Dowding	51.5130722	-0.1141015
1575	General Sikorski statue - Portland Place	51.5202755	-0.1449139
1576	Brixton Vegan Market	51.4634841	-0.1129344
1577	Merton Priory Chapter House	51.4140644	-0.1816232
1578	Whittington Stone Historic Marker	51.5682555	-0.1399599
1579	Euston War memorial	51.5305134	-0.122735
1580	Rose Mac Boxing	51.5026684	-0.218863
1581	London Metropolitan Archives	51.5253712	-0.1074675
1582	London Self Defence Academy	51.5282523	-0.2064186
1583	Flat Time House	51.4660826	-0.0741221
1584	St Mary's Rotherhithe	51.5003176	-0.054567
1585	St Matthew's Bethnal Green	51.5249918	-0.0677612
1586	The Antique Breadboard Museum	51.4639578	-0.2184744
1587	The Granville	51.532804	-0.2010426
1588	The Sainsbury Theatre	51.4906494	-0.2154585
1589	The LAMDA Linbury Studio	51.4906494	-0.2154585
1590	The Carne Studio Theatre	51.4906494	-0.2154585
1591	Brick Brewery	51.4692591	-0.070977
1592	Stroud Green Market	51.568481	-0.108211
1593	Edward III's Manor House	51.5003682	-0.0601149
1594	Walton Fine Arts	51.49459599999999	-0.1673201
1595	Czech Memorial Scrolls Museum	51.501179	-0.166689
1596	P21 Gallery	51.52881319999999	-0.1294811
1597	Sir John McDougall Gardens	51.49849889999999	-0.0259121
1598	Italian State Tourist Office	51.5147366	-0.1424591
1599	Ordovas	51.5111526	-0.1432574
1600	Kallos Gallery	51.5112275	-0.1473801
1601	Coningsby Gallery	51.5203421	-0.1361061
1602	Robilant + Voena	51.5083716	-0.1425644
1603	Thomas Dane Gallery	51.5082502	-0.1364526
1604	York Watergate - Embankment	51.5080939	-0.1229297
1605	Guilford castle	51.2342925	-0.5723908
1606	The Others	51.5654543	-0.0739669
1607	Rokeby Gallery	51.5231947	-0.1113222
1608	John Nicholas Antiques	51.480133	-0.1851856
1609	Inner London Crown Court	51.4988205	-0.09597589999999999
1610	London Royal Docks Open Water Swimming	51.50598189999999	0.0157546
1611	Manor House Gardens	51.4548425	0.0078697
1612	Leontia Gallery	51.5477381	-0.2245634
1613	The White Cube, Mason's Yard	51.5076125	-0.1372408
1614	BSMT Space	51.55076760000001	-0.07527919999999999
1615	Roman Catholic Church of The English Martyrs	51.51130000000001	-0.0722234
1616	Albert Road Recreation Ground	51.60140209999999	-0.1322229
1617	St anne and St Agnes	51.516492	-0.096288
1618	Well Hung	51.5335778	-0.0803474
1619	Paddington Recreation Ground	51.5285755	-0.1843816
1620	Seasons Supper Club	51.5193237	-0.0739426
1621	John Madejski Garden	51.4949783	-0.1841029
1622	Queen Alexandra's House	51.49996849999999	-0.178867
1623	Pelham Galleries	51.510667	-0.1458846
1624	Geffrye Museum Food Market	51.5073509	-0.1277583
1625	Robert K Burt Gallery	51.50382399999999	-0.09457979999999999
1626	Jeevan Thapa	51.51502809999999	-0.0325315
1627	Drawing Room	51.4949031	-0.07886499999999999
1628	Sunny Art Centre	51.5192668	-0.1116277
1629	Fusion Table Tennis Club	51.4849414	-0.0508567
1630	Camberwell Market	51.47480729999999	-0.0920872
1631	Skates and Ladders	51.5073509	-0.1277583
1632	Hackney Flea Market	51.5620613	-0.0780999
1633	Salopian Kitchen Garden	51.4719869	-0.3483492
1634	Hayward Adventure Playground	51.5462388	-0.1211113
1635	Toffee Park Adventure Playground	51.526584	-0.09412459999999999
1636	Timbuktu Adventure Playground	51.5689955	-0.1201152
1637	Crumbles Castle Adventure Playground	51.5395116	-0.1171344
1638	Martin Luther King Adventure Playground	51.5479622	-0.1102167
1639	Lumpy Hill Adventure Playground	51.5462388	-0.1211113
1640	Nags Head Market	51.5583247	-0.1182806
1641	Royal College of Nursing Library	51.5160104	-0.1459739
1642	Adrian Alan Ltd	51.5086406	-0.1516382
1643	Nicholas Wells Antiques	51.5172622	-0.1424949
1644	Chisenhale Gallery	51.5328929	-0.0396974
1645	Royal Armouries	51.50811239999999	-0.0759493
1646	Redbridge Drama Centre	51.5984513	0.0274205
1647	Rhn Tennis	51.44621	0.216872
1648	Jord and Lib's Portfolio	53.3014775	-0.8114939
1649	Cheap Umrah Deals	51.5073509	-0.1277583
1650	Offie & Toffee	51.527264	-0.0558778
1651	Staffords Gallery	51.510735	-0.128027
1652	Regent's Conferences & Events	51.5263515	-0.1547212
1653	V-Tennis	51.5084856	-0.2527581
1654	Gallery of Antique Costume and Textiles	51.52457	-0.169129
1655	Apolaki Krav Maga & Dirty Boxing Academy	51.568385	0.118377
1656	Fashion Space Gallery	51.5153237	-0.1429916
1657	Gallery 75	51.5126404	-0.2021079
1658	Peekaboo Vintage	51.5496585	-0.2350356
1659	Parliament Hill Cricket Ground	51.5562602	-0.1510732
1660	Parliament Hill Tennis Courts	51.5599134	-0.1507935
1661	ISKCON South London	51.3928962	-0.0707684
1662	Running Club London - We Run	51.5312705	-0.1569694
1663	Palm Tree Gallery	51.5190456	-0.2075684
1664	Gerald Moore Gallery	51.4395195	0.0357756
1665	Hagers Shul	51.577965	-0.208412
1666	Marie Wendy Jackson Gallery	51.5227793	-0.1854954
1667	Rum Ramble	51.5248206	-0.0737388
1668	TriSpace Gallery	51.494296	-0.061414
1669	Tempus Gallery	51.5212858	-0.0718801
1670	W3 Gallery	51.5072556	-0.271901
1671	BKD	51.536323	-0.0793699
1672	Brentford Market	51.4832115	-0.3076865
1673	Dandelion Health	51.4562286	-0.1655568
1674	Heartbreak Gallery - official gallery for Jack Vettriano	51.5176419	-0.1508854
1675	Carre d'artistes - Galerie d'art	51.5133302	-0.1474553
1676	Matts Gallery	51.5189844	-0.0356722
1677	Sweet Spot10	51.50228809999999	-0.0813396
1678	LGBT Heart	51.5467196	-0.0867358
1679	Clancys pub charlton	51.4944386	0.0449034
1680	Villa in Canto - Lauderdale House	51.569267	-0.143254
1681	Golden Carousel Ltd	51.5030276	-0.1194363
1682	Anise Gallery	51.50205099999999	-0.07234499999999999
1683	SW1 Gallery	51.4979387	-0.1413631
1684	Barakat Gallery	51.51284589999999	-0.1479463
1685	Carville Hall War Memorial Park	51.486073	-0.3101169
1686	Rivington Place	51.5264223	-0.0791084
1687	Clermont Club	51.5093695	-0.1465545
1688	Judy Greenwood Antiques	51.47904	-0.1996592
1689	Christopher Gibbs	51.4905416	-0.1536626
1690	Bac Opera	51.4649288	-0.1591542
1691	Vilma Gold	51.5259958	-0.0822932
1692	Hammer Sidi	51.5185688	-0.07194389999999999
1693	Contemporary Art Society	51.5260746	-0.09669140000000001
1694	The Blue Gallery	51.52339569999999	-0.1001421
1695	Cinch	51.5135607	-0.1385127
1696	Board X Snowboard Festival	51.5291365	-0.07750520000000001
1697	Capital Helpline	51.5006826	-0.1274981
1698	Vanderbilt Racquet Club	51.5054142	-0.2198622
1699	Association Gallery	51.52475	-0.0825727
1700	Plashet Zoo	51.5406287	0.0462517
1701	Soviet Carpet & Art Galleries	51.5599548	-0.2195851
1702	Museum of Culinary History and Alimentation (MoCHA)	51.5183003	0.0118783
1703	Dazzle	51.507199	-0.113625
1704	Bravura Creative Art Studio	51.4769081	-0.2033548
1705	Julian Simon Fine Art	51.5074754	-0.1389263
1706	Judith Clark Costume Gallery	51.51688	-0.200434
1707	Institute of International Visual Arts	51.5266171	-0.0792242
1708	Patricia Kleinman	51.6250668	-0.1193359
1709	Guidephone	51.5073509	-0.1277583
1710	Cabaret Mechanical Theatre	51.5856351	-0.1821625
1711	Andrew Mummery Gallery	51.5247993	-0.1020422
1712	Maureen Paley	51.5251722	-0.0559263
1713	Lux Centre	51.5273451	-0.0819357
1714	Caelt Gallery	51.5146537	-0.1995234
1715	Tryon & Swan Gallery	51.5100263	-0.141338
1716	Anthony d'Offay Gallery	51.5142695	-0.1456033
1717	Pearson Gallery	51.5073509	-0.1277583
1718	Peter Scott Visitors' Center	51.5073509	-0.1277583
