National Gallery,/Attraction_Review-g186338-d188862-Reviews-National_Gallery-London_England.html,18896
British Museum,/Attraction_Review-g186338-d187555-Reviews-British_Museum-London_England.html,35510
V&A - Victoria and Albert Museum,/Attraction_Review-g186338-d187556-Reviews-V_A_Victoria_and_Albert_Museum-London_England.html,20440
Churchill War Rooms,/Attraction_Review-g186338-d194299-Reviews-Churchill_War_Rooms-London_England.html,15570
St. James's Park,/Attraction_Review-g186338-d188126-Reviews-St_James_s_Park-London_England.html,8324
Houses of Parliament,/Attraction_Review-g186338-d211708-Reviews-Houses_of_Parliament-London_England.html,9288
Hyde Park,/Attraction_Review-g186338-d189030-Reviews-Hyde_Park-London_England.html,8946
Borough Market,/Attraction_Review-g186338-d260500-Reviews-Borough_Market-London_England.html,7319
Tower of London,/Attraction_Review-g186338-d187547-Reviews-Tower_of_London-London_England.html,37674
Tower Bridge,/Attraction_Review-g186338-d187552-Reviews-Tower_Bridge-London_England.html,14961
Westminster Abbey,/Attraction_Review-g186338-d189032-Reviews-Westminster_Abbey-London_England.html,11375
Sky Garden,/Attraction_Review-g186338-d7398968-Reviews-Sky_Garden-London_England.html,7144
Natural History Museum,/Attraction_Review-g186338-d187676-Reviews-Natural_History_Museum-London_England.html,18563
Buckingham Palace,/Attraction_Review-g186338-d187549-Reviews-Buckingham_Palace-London_England.html,14047
St. Paul's Cathedral,/Attraction_Review-g186338-d188159-Reviews-St_Paul_s_Cathedral-London_England.html,8544
Camden Market,/Attraction_Review-g186338-d187577-Reviews-Camden_Market-London_England.html,11511
Big Ben,/Attraction_Review-g186338-d211709-Reviews-Big_Ben-London_England.html,12904
Covent Garden,/Attraction_Review-g186338-d189047-Reviews-Covent_Garden-London_England.html,11300
London Underground,/Attraction_Review-g186338-d187536-Reviews-London_Underground-London_England.html,19496
The View from The Shard,/Attraction_Review-g186338-d3539289-Reviews-The_View_from_The_Shard-London_England.html,12536
Mayfair,/Attraction_Review-g186338-d187722-Reviews-Mayfair-London_England.html,144
Coca-Cola London Eye,/Attraction_Review-g186338-d553603-Reviews-Coca_Cola_London_Eye-London_England.html,43590
Brick Lane Music Hall,/Attraction_Review-g186338-d2644560-Reviews-Brick_Lane_Music_Hall-London_England.html,1045
Harrods,/Attraction_Review-g186338-d188901-Reviews-Harrods-London_England.html,8823
School Of Rock The Musical,/Attraction_Review-g186338-d11978522-Reviews-School_Of_Rock_The_Musical-London_England.html,434
Up at The O2,/Attraction_Review-g186338-d3263267-Reviews-Up_at_The_O2-London_England.html,4489
The All England Lawn Tennis Club,/Attraction_Review-g186338-d523737-Reviews-The_All_England_Lawn_Tennis_Club-London_England.html,1100
Wallace Collection,/Attraction_Review-g186338-d187558-Reviews-Wallace_Collection-London_England.html,4821
Royal Opera House,/Attraction_Review-g186338-d188482-Reviews-Royal_Opera_House-London_England.html,1994
City of London Distillery,/Attraction_Review-g186338-d3879587-Reviews-City_of_London_Distillery-London_England.html,314
Wigmore Hall,/Attraction_Review-g186338-d522999-Reviews-Wigmore_Hall-London_England.html,120
Old Royal Naval College,/Attraction_Review-g186338-d211646-Reviews-Old_Royal_Naval_College-London_England.html,1658
The Courtauld Gallery,/Attraction_Review-g186338-d1632504-Reviews-The_Courtauld_Gallery-London_England.html,2580
Regent's Park,/Attraction_Review-g186338-d187675-Reviews-Regent_s_Park-London_England.html,3177
Two Temple Place,/Attraction_Review-g186338-d6580320-Reviews-Two_Temple_Place-London_England.html,144
The Four Bronze Horses of Helios,/Attraction_Review-g186338-d12078827-Reviews-The_Four_Bronze_Horses_of_Helios-London_England.html,15
The Charterhouse,/Attraction_Review-g186338-d215389-Reviews-The_Charterhouse-London_England.html,140
Hampstead Heath,/Attraction_Review-g186338-d211768-Reviews-Hampstead_Heath-London_England.html,1098
Sipsmith Distillery,/Attraction_Review-g186338-d7909811-Reviews-Sipsmith_Distillery-London_England.html,138
The Magic Circle,/Attraction_Review-g186338-d3533244-Reviews-The_Magic_Circle-London_England.html,186
Highgate Cemetery,/Attraction_Review-g186338-d194290-Reviews-Highgate_Cemetery-London_England.html,962
Bomber Command Memorial,/Attraction_Review-g186338-d3281984-Reviews-Bomber_Command_Memorial-London_England.html,2304
Greenwich Park,/Attraction_Review-g186338-d211600-Reviews-Greenwich_Park-London_England.html,1623
Gods Own Junkyard,/Attraction_Review-g186338-d4876049-Reviews-Gods_Own_Junkyard-London_England.html,127
New London Theatre,/Attraction_Review-g186338-d4497348-Reviews-New_London_Theatre-London_England.html,393
Westminster,/Attraction_Review-g186338-d218015-Reviews-Westminster-London_England.html,2155
Kensington Gardens,/Attraction_Review-g186338-d188893-Reviews-Kensington_Gardens-London_England.html,2282
Wimbledon Lawn Tennis Museum,/Attraction_Review-g186338-d548466-Reviews-Wimbledon_Lawn_Tennis_Museum-London_England.html,741
Arsenal Stadium Tours & Museum,/Attraction_Review-g186338-d1775127-Reviews-Arsenal_Stadium_Tours_Museum-London_England.html,1283
Chelsea FC Stadium Tour & Museum,/Attraction_Review-g186338-d548817-Reviews-Chelsea_FC_Stadium_Tour_Museum-London_England.html,1319
Madame Tussauds London,/Attraction_Review-g186338-d187535-Reviews-Madame_Tussauds_London-London_England.html,15119
Holland Park,/Attraction_Review-g186338-d187683-Reviews-Holland_Park-London_England.html,809
The Royal Air Force Museum London,/Attraction_Review-g186338-d215615-Reviews-The_Royal_Air_Force_Museum_London-London_England.html,2403
Greenwich,/Attraction_Review-g186338-d187601-Reviews-Greenwich-London_England.html,3185
Primrose Hill,/Attraction_Review-g186338-d2464189-Reviews-Primrose_Hill-London_England.html,1215
British Library,/Attraction_Review-g186338-d187728-Reviews-British_Library-London_England.html,2713
Wilton's Music Hall,/Attraction_Review-g186338-d658728-Reviews-Wilton_s_Music_Hall-London_England.html,223
Tate Britain,/Attraction_Review-g186338-d188865-Reviews-Tate_Britain-London_England.html,2495
Lord's Cricket Ground,/Attraction_Review-g186338-d188020-Reviews-Lord_s_Cricket_Ground-London_England.html,1275
Freemasons' Hall,/Attraction_Review-g186338-d211592-Reviews-Freemasons_Hall-London_England.html,318
BAPS Shri Swaminarayan Mandir,/Attraction_Review-g186338-d215621-Reviews-BAPS_Shri_Swaminarayan_Mandir-London_England.html,261
Emirates Stadium,/Attraction_Review-g186338-d1056442-Reviews-Emirates_Stadium-London_England.html,1050
Royal Hospital Chelsea,/Attraction_Review-g186338-d214609-Reviews-Royal_Hospital_Chelsea-London_England.html,183
Prince of Wales Theatre,/Attraction_Review-g186338-d189037-Reviews-Prince_of_Wales_Theatre-London_England.html,349
St. Dunstan in the East,/Attraction_Review-g186338-d5998784-Reviews-St_Dunstan_in_the_East-London_England.html,107
The CLF Art Cafe,/Attraction_Review-g186338-d4558933-Reviews-The_CLF_Art_Cafe-London_England.html,12
National Portrait Gallery,/Attraction_Review-g186338-d188863-Reviews-National_Portrait_Gallery-London_England.html,4253
Chelsea Physic Garden,/Attraction_Review-g186338-d211852-Reviews-Chelsea_Physic_Garden-London_England.html,416
Aldwych Theatre,/Attraction_Review-g186338-d1977221-Reviews-Aldwych_Theatre-London_England.html,846
Craven Cottage,/Attraction_Review-g186338-d1908604-Reviews-Craven_Cottage-London_England.html,202
Charles Dickens Museum,/Attraction_Review-g186338-d188889-Reviews-Charles_Dickens_Museum-London_England.html,768
Battersea Park,/Attraction_Review-g186338-d2494059-Reviews-Battersea_Park-London_England.html,332
Queen's Theatre,/Attraction_Review-g186338-d188022-Reviews-Queen_s_Theatre-London_England.html,462
Theatre Royal Drury Lane,/Attraction_Review-g186338-d522844-Reviews-Theatre_Royal_Drury_Lane-London_England.html,908
Museum of London Docklands,/Attraction_Review-g186338-d282174-Reviews-Museum_of_London_Docklands-London_England.html,889
Diana Princess of Wales Memorial Playground,/Attraction_Review-g186338-d188121-Reviews-Diana_Princess_of_Wales_Memorial_Playground-London_England.html,549
Millwall Football Club Stadium,/Attraction_Review-g186338-d7312806-Reviews-Millwall_Football_Club_Stadium-London_England.html,102
Hampstead,/Attraction_Review-g186338-d194288-Reviews-Hampstead-London_England.html,50
Noel Coward Theatre,/Attraction_Review-g186338-d3836912-Reviews-Noel_Coward_Theatre-London_England.html,664
Grant Museum of Zoology,/Attraction_Review-g186338-d638483-Reviews-Grant_Museum_of_Zoology-London_England.html,357
Imperial War Museum,/Attraction_Review-g186338-d187674-Reviews-Imperial_War_Museum-London_England.html,7533
All Hallows By The Tower,/Attraction_Review-g186338-d553576-Reviews-All_Hallows_By_The_Tower-London_England.html,169
Maltby Street Market,/Attraction_Review-g186338-d3319016-Reviews-Maltby_Street_Market-London_England.html,368
Shakespeare's Globe Theatre,/Attraction_Review-g186338-d187726-Reviews-Shakespeare_s_Globe_Theatre-London_England.html,5878
Kenwood House,/Attraction_Review-g186338-d214613-Reviews-Kenwood_House-London_England.html,512
Temple Church,/Attraction_Review-g186338-d214633-Reviews-Temple_Church-London_England.html,310
West End Theatre District,/Attraction_Review-g186338-d189783-Reviews-West_End_Theatre_District-London_England.html,442
Westminster Cathedral,/Attraction_Review-g186338-d211750-Reviews-Westminster_Cathedral-London_England.html,742
HMS Belfast,/Attraction_Review-g186338-d187551-Reviews-HMS_Belfast-London_England.html,2232
Pop Brixton,/Attraction_Review-g186338-d8441770-Reviews-Pop_Brixton-London_England.html,131
St. Katharine Docks,/Attraction_Review-g186338-d2227746-Reviews-St_Katharine_Docks-London_England.html,382
Museum of London,/Attraction_Review-g186338-d187560-Reviews-Museum_of_London-London_England.html,4054
"Museum of Brands, Packaging and Advertising",/Attraction_Review-g186338-d654918-Reviews-Museum_of_Brands_Packaging_and_Advertising-London_England.html,896
Novelty Automation,/Attraction_Review-g186338-d8527239-Reviews-Novelty_Automation-London_England.html,116
Emirates Air Line Cable Car - Royal Docks,/Attraction_Review-g186338-d3313609-Reviews-Emirates_Air_Line_Cable_Car_Royal_Docks-London_England.html,2702
South Bank,/Attraction_Review-g186338-d188721-Reviews-South_Bank-London_England.html,1099
The Old Vic,/Attraction_Review-g186338-d554115-Reviews-The_Old_Vic-London_England.html,559
Her Majesty's Theatre London,/Attraction_Review-g186338-d3813104-Reviews-Her_Majesty_s_Theatre_London-London_England.html,628
Guildhall Art Gallery,/Attraction_Review-g186338-d211820-Reviews-Guildhall_Art_Gallery-London_England.html,287
Royal Court Theatre,/Attraction_Review-g186338-d554120-Reviews-Royal_Court_Theatre-London_England.html,74
Wellcome Collection,/Attraction_Review-g186338-d662065-Reviews-Wellcome_Collection-London_England.html,743
Novello Theatre,/Attraction_Review-g186338-d2693082-Reviews-Novello_Theatre-London_England.html,492
Kyoto Garden,/Attraction_Review-g186338-d7379922-Reviews-Kyoto_Garden-London_England.html,138
Sir John Soane's Museum,/Attraction_Review-g186338-d187559-Reviews-Sir_John_Soane_s_Museum-London_England.html,1297
The Queen's Walk,/Attraction_Review-g186338-d7224941-Reviews-The_Queen_s_Walk-London_England.html,54
Apollo Theatre,/Attraction_Review-g186338-d3726046-Reviews-Apollo_Theatre-London_England.html,486
Sadler's Wells,/Attraction_Review-g186338-d548737-Reviews-Sadler_s_Wells-London_England.html,386
Victoria Park,/Attraction_Review-g186338-d211742-Reviews-Victoria_Park-London_England.html,162
Old Operating Theatre,/Attraction_Review-g186338-d211644-Reviews-Old_Operating_Theatre-London_England.html,558
Emirates Air Line Cable Car - Greenwich Peninsula,/Attraction_Review-g186338-d3294716-Reviews-Emirates_Air_Line_Cable_Car_Greenwich_Peninsula-London_England.html,2202
National Theatre,/Attraction_Review-g186338-d189782-Reviews-National_Theatre-London_England.html,877
Columbia Road Flower Market,/Attraction_Review-g186338-d208418-Reviews-Columbia_Road_Flower_Market-London_England.html,419
Regent's Park Open Air Theatre,/Attraction_Review-g186338-d12882651-Reviews-Regent_s_Park_Open_Air_Theatre-London_England.html,538
Prince Edward Theatre,/Attraction_Review-g186338-d3177218-Reviews-Prince_Edward_Theatre-London_England.html,797
Phoenix Theatre,/Attraction_Review-g186338-d548654-Reviews-Phoenix_Theatre-London_England.html,615
Graffik Gallery,/Attraction_Review-g186338-d3337658-Reviews-Graffik_Gallery-London_England.html,117
Church of St. Bartholomew the Great,/Attraction_Review-g186338-d215625-Reviews-Church_of_St_Bartholomew_the_Great-London_England.html,147
Apsley House,/Attraction_Review-g186338-d522807-Reviews-Apsley_House-London_England.html,534
Lyceum Theatre,/Attraction_Review-g186338-d3533276-Reviews-Lyceum_Theatre-London_England.html,710
Jewish Museum,/Attraction_Review-g186338-d187716-Reviews-Jewish_Museum-London_England.html,229
Postman's Park,/Attraction_Review-g186338-d2720429-Reviews-Postman_s_Park-London_England.html,237
Guildhall,/Attraction_Review-g186338-d215445-Reviews-Guildhall-London_England.html,86
London Mithraeum,/Attraction_Review-g186338-d13139701-Reviews-London_Mithraeum-London_England.html,128
Broadway Market,/Attraction_Review-g186338-d2057766-Reviews-Broadway_Market-London_England.html,187
Petrie Museum of Egyptian Archaeology,/Attraction_Review-g186338-d638489-Reviews-Petrie_Museum_of_Egyptian_Archaeology-London_England.html,152
Millfield Theatre,/Attraction_Review-g186338-d3729658-Reviews-Millfield_Theatre-London_England.html,17
Freud Museum,/Attraction_Review-g186338-d194138-Reviews-Freud_Museum-London_England.html,151
Horse Guards Parade at Whitehall,/Attraction_Review-g186338-d190834-Reviews-Horse_Guards_Parade_at_Whitehall-London_England.html,563
Queen's House,/Attraction_Review-g186338-d187602-Reviews-Queen_s_House-London_England.html,185
Wimbledon,/Attraction_Review-g186338-d8820400-Reviews-Wimbledon-London_England.html,57
Royal Courts of Justice,/Attraction_Review-g186338-d214622-Reviews-Royal_Courts_of_Justice-London_England.html,148
West End,/Attraction_Review-g186338-d211805-Reviews-West_End-London_England.html,169
South Kensington,/Attraction_Review-g186338-d188474-Reviews-South_Kensington-London_England.html,167
Thames River,/Attraction_Review-g186338-d523725-Reviews-Thames_River-London_England.html,1621
London Buses,/Attraction_Review-g186338-d507142-Reviews-London_Buses-London_England.html,156
WWT London Wetland Centre,/Attraction_Review-g186338-d187534-Reviews-WWT_London_Wetland_Centre-London_England.html,492
The UK Supreme Court,/Attraction_Review-g186338-d1891869-Reviews-The_UK_Supreme_Court-London_England.html,176
Southwark Cathedral,/Attraction_Review-g186338-d214625-Reviews-Southwark_Cathedral-London_England.html,472
The Fan Museum,/Attraction_Review-g186338-d211730-Reviews-The_Fan_Museum-London_England.html,191
18 Stafford Terrace - The Sambourne Family Home,/Attraction_Review-g186338-d214615-Reviews-18_Stafford_Terrace_The_Sambourne_Family_Home-London_England.html,100
Saatchi Gallery,/Attraction_Review-g186338-d601169-Reviews-Saatchi_Gallery-London_England.html,979
Brompton Cemetery,/Attraction_Review-g186338-d548617-Reviews-Brompton_Cemetery-London_England.html,93
Somerset House,/Attraction_Review-g186338-d187682-Reviews-Somerset_House-London_England.html,719
Gielgud Theatre,/Attraction_Review-g186338-d559167-Reviews-Gielgud_Theatre-London_England.html,486
Italian Gardens,/Attraction_Review-g186338-d6749590-Reviews-Italian_Gardens-London_England.html,55
St. Pancras International Station,/Attraction_Review-g186338-d214631-Reviews-St_Pancras_International_Station-London_England.html,1837
The Museum of the Order of St John,/Attraction_Review-g186338-d2141181-Reviews-The_Museum_of_the_Order_of_St_John-London_England.html,108
Dinerama - Street Feast,/Attraction_Review-g186338-d8504353-Reviews-Dinerama_Street_Feast-London_England.html,286
Regent Street,/Attraction_Review-g186338-d215617-Reviews-Regent_Street-London_England.html,716
Camden Locks Canalside,/Attraction_Review-g186338-d4724354-Reviews-Camden_Locks_Canalside-London_England.html,148
Crossrail Place Roof Garden,/Attraction_Review-g186338-d8041349-Reviews-Crossrail_Place_Roof_Garden-London_England.html,115
Eltham Palace and Gardens,/Attraction_Review-g186338-d300188-Reviews-Eltham_Palace_and_Gardens-London_England.html,797
Vauxhall Bridge,/Attraction_Review-g186338-d187587-Reviews-Vauxhall_Bridge-London_England.html,47
Victoria Palace Theatre,/Attraction_Review-g186338-d3857150-Reviews-Victoria_Palace_Theatre-London_England.html,281
Trafalgar Square,/Attraction_Review-g186338-d188964-Reviews-Trafalgar_Square-London_England.html,4066
London Coliseum,/Attraction_Review-g186338-d553747-Reviews-London_Coliseum-London_England.html,822
Notting Hill,/Attraction_Review-g186338-d187531-Reviews-Notting_Hill-London_England.html,718
Savoy Theatre,/Attraction_Review-g186338-d260506-Reviews-Savoy_Theatre-London_England.html,1704
Royal Academy of Arts,/Attraction_Review-g186338-d188864-Reviews-Royal_Academy_of_Arts-London_England.html,1613
Cutty Sark,/Attraction_Review-g186338-d211885-Reviews-Cutty_Sark-London_England.html,2112
Apollo Victoria Theatre,/Attraction_Review-g186338-d1812120-Reviews-Apollo_Victoria_Theatre-London_England.html,921
Mercato Metropolitano London,/Attraction_Review-g186338-d10597873-Reviews-Mercato_Metropolitano_London-London_England.html,286
Roberson Wine,/Attraction_Review-g186338-d5308983-Reviews-Roberson_Wine-London_England.html,75
Dulwich Picture Gallery,/Attraction_Review-g186338-d211586-Reviews-Dulwich_Picture_Gallery-London_England.html,355
Regent's Canal,/Attraction_Review-g186338-d510136-Reviews-Regent_s_Canal-London_England.html,302
Wesley's Chapel & Museum of Methodism,/Attraction_Review-g186338-d211908-Reviews-Wesley_s_Chapel_Museum_of_Methodism-London_England.html,91
The Monument to the Great Fire of London,/Attraction_Review-g186338-d297133-Reviews-The_Monument_to_the_Great_Fire_of_London-London_England.html,1458
St. Christopher's Place,/Attraction_Review-g186338-d208437-Reviews-St_Christopher_s_Place-London_England.html,107
Newport Street Gallery,/Attraction_Review-g186338-d8710210-Reviews-Newport_Street_Gallery-London_England.html,91
Duke of York's Theatre,/Attraction_Review-g186338-d4225151-Reviews-Duke_of_York_s_Theatre-London_England.html,307
Leighton House Museum and Art Gallery,/Attraction_Review-g186338-d211902-Reviews-Leighton_House_Museum_and_Art_Gallery-London_England.html,505
Criterion Theatre,/Attraction_Review-g186338-d260504-Reviews-Criterion_Theatre-London_England.html,651
Lego Shop,/Attraction_Review-g186338-d12004532-Reviews-Lego_Shop-London_England.html,332
Brick Lane Market,/Attraction_Review-g186338-d9715126-Reviews-Brick_Lane_Market-London_England.html,117
Soho,/Attraction_Review-g186338-d187582-Reviews-Soho-London_England.html,663
Victoria Embankment Gardens,/Attraction_Review-g186338-d6211885-Reviews-Victoria_Embankment_Gardens-London_England.html,122
Brick Lane,/Attraction_Review-g186338-d187544-Reviews-Brick_Lane-London_England.html,1102
Leake Street Tunnel,/Attraction_Review-g186338-d5555207-Reviews-Leake_Street_Tunnel-London_England.html,128
Dr. Johnson's House,/Attraction_Review-g186338-d214624-Reviews-Dr_Johnson_s_House-London_England.html,160
Albert Memorial,/Attraction_Review-g186338-d211769-Reviews-Albert_Memorial-London_England.html,344
Menier Chocolate Factory,/Attraction_Review-g186338-d3592596-Reviews-Menier_Chocolate_Factory-London_England.html,216
ArcelorMittal Orbit,/Attraction_Review-g186338-d6522304-Reviews-ArcelorMittal_Orbit-London_England.html,3379
Tardis Police Box,/Attraction_Review-g186338-d4067788-Reviews-Tardis_Police_Box-London_England.html,121
Greenwich Market,/Attraction_Review-g186338-d190836-Reviews-Greenwich_Market-London_England.html,1028
Golden Hinde,/Attraction_Review-g186338-d187727-Reviews-Golden_Hinde-London_England.html,396
Royal Mews,/Attraction_Review-g186338-d214623-Reviews-Royal_Mews-London_England.html,880
London Palladium,/Attraction_Review-g186338-d189220-Reviews-London_Palladium-London_England.html,1409
Bank of England Museum,/Attraction_Review-g186338-d211758-Reviews-Bank_of_England_Museum-London_England.html,562
The London Film Museum - Covent Garden,/Attraction_Review-g186338-d3941604-Reviews-The_London_Film_Museum_Covent_Garden-London_England.html,837
Roundhouse,/Attraction_Review-g186338-d2216850-Reviews-Roundhouse-London_England.html,323
30 St Mary Axe (The Gherkin),/Attraction_Review-g186338-d2202925-Reviews-30_St_Mary_Axe_The_Gherkin-London_England.html,168
Battle of Britain Monument,/Attraction_Review-g186338-d3987964-Reviews-Battle_of_Britain_Monument-London_England.html,74
Canary Wharf,/Attraction_Review-g186338-d2437651-Reviews-Canary_Wharf-London_England.html,385
The Household Cavalry Museum,/Attraction_Review-g186338-d2025780-Reviews-The_Household_Cavalry_Museum-London_England.html,297
Queen's Park,/Attraction_Review-g186338-d3492215-Reviews-Queen_s_Park-London_England.html,15
St. Martins Theatre,/Attraction_Review-g186338-d1453247-Reviews-St_Martins_Theatre-London_England.html,255
Cambridge Theatre,/Attraction_Review-g186338-d1490980-Reviews-Cambridge_Theatre-London_England.html,290
Westminster Bridge,/Attraction_Review-g186338-d2476711-Reviews-Westminster_Bridge-London_England.html,385
The Kia Oval,/Attraction_Review-g186338-d1718354-Reviews-The_Kia_Oval-London_England.html,222
Queen Mary's Gardens,/Attraction_Review-g186338-d187671-Reviews-Queen_Mary_s_Gardens-London_England.html,71
Geffrye Museum,/Attraction_Review-g186338-d211889-Reviews-Geffrye_Museum-London_England.html,621
Green Park,/Attraction_Review-g186338-d211766-Reviews-Green_Park-London_England.html,593
Victoria Embankment,/Attraction_Review-g186338-d215634-Reviews-Victoria_Embankment-London_England.html,94
Harold Pinter Theatre,/Attraction_Review-g186338-d194286-Reviews-Harold_Pinter_Theatre-London_England.html,478
The Foundling Museum,/Attraction_Review-g186338-d587990-Reviews-The_Foundling_Museum-London_England.html,381
Clarence House,/Attraction_Review-g186338-d552373-Reviews-Clarence_House-London_England.html,167
Boxpark Shoreditch,/Attraction_Review-g186338-d2478056-Reviews-Boxpark_Shoreditch-London_England.html,321
Severndroog Castle,/Attraction_Review-g186338-d6555013-Reviews-Severndroog_Castle-London_England.html,87
Banqueting House,/Attraction_Review-g186338-d214598-Reviews-Banqueting_House-London_England.html,340
Piccadilly Theatre,/Attraction_Review-g186338-d2253813-Reviews-Piccadilly_Theatre-London_England.html,548
Shaftsbury Theatre,/Attraction_Review-g186338-d6366972-Reviews-Shaftsbury_Theatre-London_England.html,222
The Mall,/Attraction_Review-g186338-d215632-Reviews-The_Mall-London_England.html,205
Old Spitalfields Market,/Attraction_Review-g186338-d187543-Reviews-Old_Spitalfields_Market-London_England.html,1187
One New Change,/Attraction_Review-g186338-d2163484-Reviews-One_New_Change-London_England.html,157
Abbey Road Studios,/Attraction_Review-g186338-d190103-Reviews-Abbey_Road_Studios-London_England.html,180
Brixton Village,/Attraction_Review-g186338-d187542-Reviews-Brixton_Village-London_England.html,119
Horniman Museum and Gardens,/Attraction_Review-g186338-d211606-Reviews-Horniman_Museum_and_Gardens-London_England.html,533
Cenotaph,/Attraction_Review-g186338-d211777-Reviews-Cenotaph-London_England.html,145
Spencer House,/Attraction_Review-g186338-d188124-Reviews-Spencer_House-London_England.html,104
Queen Victoria Memorial,/Attraction_Review-g186338-d2546395-Reviews-Queen_Victoria_Memorial-London_England.html,165
Bond Street,/Attraction_Review-g186338-d188711-Reviews-Bond_Street-London_England.html,288
Southwark,/Attraction_Review-g186338-d285950-Reviews-Southwark-London_England.html,54
The Postal Museum,/Attraction_Review-g186338-d2422685-Reviews-The_Postal_Museum-London_England.html,467
Millennium Bridge,/Attraction_Review-g186338-d188718-Reviews-Millennium_Bridge-London_England.html,1063
Palace Theatre,/Attraction_Review-g186338-d522871-Reviews-Palace_Theatre-London_England.html,801
Westfield London,/Attraction_Review-g186338-d12035544-Reviews-Westfield_London-London_England.html,1190
BFI Southbank,/Attraction_Review-g186338-d522907-Reviews-BFI_Southbank-London_England.html,194
Whitehall,/Attraction_Review-g186338-d215638-Reviews-Whitehall-London_England.html,134
Greyfriars Passage,/Attraction_Review-g186338-d630094-Reviews-Greyfriars_Passage-London_England.html,18
Parliament Square,/Attraction_Review-g186338-d211784-Reviews-Parliament_Square-London_England.html,242
Royal Observatory Greenwich,/Attraction_Review-g186338-d194293-Reviews-Royal_Observatory_Greenwich-London_England.html,1993
Oxford Street,/Attraction_Review-g186338-d189789-Reviews-Oxford_Street-London_England.html,2269
Tate Modern,/Attraction_Review-g186338-d187677-Reviews-Tate_Modern-London_England.html,5577
Bateaux London,/Attraction_Review-g186338-d548814-Reviews-Bateaux_London-London_England.html,1601
St James Theatre,/Attraction_Review-g186338-d3608648-Reviews-St_James_Theatre-London_England.html,182
RHS Chelsea Flower Show,/Attraction_Review-g186338-d10020593-Reviews-RHS_Chelsea_Flower_Show-London_England.html,228
King's Cross Station,/Attraction_Review-g186338-d629912-Reviews-King_s_Cross_Station-London_England.html,1025
Beefeater Gin Distillery,/Attraction_Review-g186338-d6582651-Reviews-Beefeater_Gin_Distillery-London_England.html,219
Brixton,/Attraction_Review-g186338-d189226-Reviews-Brixton-London_England.html,177
Garrick Theatre,/Attraction_Review-g186338-d2186393-Reviews-Garrick_Theatre-London_England.html,589
Animals in War Memorial,/Attraction_Review-g186338-d2369568-Reviews-Animals_in_War_Memorial-London_England.html,91
Mudchute Park & Farm,/Attraction_Review-g186338-d211813-Reviews-Mudchute_Park_Farm-London_England.html,159
Carlyle's House,/Attraction_Review-g186338-d214600-Reviews-Carlyle_s_House-London_England.html,83
Piccadilly Circus,/Attraction_Review-g186338-d188043-Reviews-Piccadilly_Circus-London_England.html,1993
Burlington Arcade,/Attraction_Review-g186338-d215371-Reviews-Burlington_Arcade-London_England.html,165
Knightsbridge,/Attraction_Review-g186338-d188042-Reviews-Knightsbridge-London_England.html,133
Leicester Square,/Attraction_Review-g186338-d189780-Reviews-Leicester_Square-London_England.html,1094
Portobello Road Market,/Attraction_Review-g186338-d189016-Reviews-Portobello_Road_Market-London_England.html,1821
National Maritime Museum,/Attraction_Review-g186338-d187600-Reviews-National_Maritime_Museum-London_England.html,1368
Granary Square,/Attraction_Review-g186338-d5570751-Reviews-Granary_Square-London_England.html,86
Carnaby Street,/Attraction_Review-g186338-d215375-Reviews-Carnaby_Street-London_England.html,631
Crystal Palace Park,/Attraction_Review-g186338-d590940-Reviews-Crystal_Palace_Park-London_England.html,262
Boleyn Ground,/Attraction_Review-g186338-d3476007-Reviews-Boleyn_Ground-London_England.html,40
Abbey Road,/Attraction_Review-g186338-d190102-Reviews-Abbey_Road-London_England.html,620
Leicester Square Theatre,/Attraction_Review-g186338-d5214506-Reviews-Leicester_Square_Theatre-London_England.html,135
Guards Museum,/Attraction_Review-g186338-d211896-Reviews-Guards_Museum-London_England.html,171
Kensington,/Attraction_Review-g186338-d218012-Reviews-Kensington-London_England.html,55
Marylebone,/Attraction_Review-g186338-d218013-Reviews-Marylebone-London_England.html,92
Chiswick,/Attraction_Review-g186338-d297128-Reviews-Chiswick-London_England.html,45
King's Cross Theatre,/Attraction_Review-g186338-d7351965-Reviews-King_s_Cross_Theatre-London_England.html,440
Leadenhall Market,/Attraction_Review-g186338-d211842-Reviews-Leadenhall_Market-London_England.html,299
Barbican Centre,/Attraction_Review-g186338-d553600-Reviews-Barbican_Centre-London_England.html,1046
St Bride's,/Attraction_Review-g186338-d214626-Reviews-St_Bride_s-London_England.html,75
Landor Theatre,/Attraction_Review-g186338-d3820492-Reviews-Landor_Theatre-London_England.html,20
Serpentine Galleries,/Attraction_Review-g186338-d211829-Reviews-Serpentine_Galleries-London_England.html,265
City Hall,/Attraction_Review-g186338-d262421-Reviews-City_Hall-London_England.html,96
Bayswater,/Attraction_Review-g186338-d188723-Reviews-Bayswater-London_England.html,93
Shaftesbury Theatre,/Attraction_Review-g186338-d3228314-Reviews-Shaftesbury_Theatre-London_England.html,794
Peter Harrison Planetarium,/Attraction_Review-g186338-d678565-Reviews-Peter_Harrison_Planetarium-London_England.html,261
Horse Guards Building,/Attraction_Review-g186338-d211791-Reviews-Horse_Guards_Building-London_England.html,164
Hippodrome Casino,/Attraction_Review-g186338-d600980-Reviews-Hippodrome_Casino-London_England.html,880
Dennis Severs' House,/Attraction_Review-g186338-d260507-Reviews-Dennis_Severs_House-London_England.html,563
The New Wimbledon Theatre,/Attraction_Review-g186338-d3592032-Reviews-The_New_Wimbledon_Theatre-London_England.html,316
The London Oratory,/Attraction_Review-g186338-d240648-Reviews-The_London_Oratory-London_England.html,73
King's Cross,/Attraction_Review-g186338-d188726-Reviews-King_s_Cross-London_England.html,73
Benjamin Franklin House,/Attraction_Review-g186338-d262785-Reviews-Benjamin_Franklin_House-London_England.html,268
London Canal Museum,/Attraction_Review-g186338-d211620-Reviews-London_Canal_Museum-London_England.html,213
West Ham United FC,/Attraction_Review-g186338-d2711852-Reviews-West_Ham_United_FC-London_England.html,82
Nelson's Column,/Attraction_Review-g186338-d187914-Reviews-Nelson_s_Column-London_England.html,472
Virgin Money London Marathon,/Attraction_Review-g186338-d10020592-Reviews-Virgin_Money_London_Marathon-London_England.html,43
The London Silver Vaults,/Attraction_Review-g186338-d2356480-Reviews-The_London_Silver_Vaults-London_England.html,121
The Queen's Gallery,/Attraction_Review-g186338-d211828-Reviews-The_Queen_s_Gallery-London_England.html,468
Handel & Hendrix in London,/Attraction_Review-g186338-d292597-Reviews-Handel_Hendrix_in_London-London_England.html,289
Queen Elizabeth Olympic Park,/Attraction_Review-g186338-d4025920-Reviews-Queen_Elizabeth_Olympic_Park-London_England.html,961
Science Museum,/Attraction_Review-g186338-d189025-Reviews-Science_Museum-London_England.html,5714
Hay's Galleria,/Attraction_Review-g186338-d500061-Reviews-Hay_s_Galleria-London_England.html,144
Alice's Adventures Underground,/Attraction_Review-g186338-d7982536-Reviews-Alice_s_Adventures_Underground-London_England.html,226
Florence Nightingale Museum,/Attraction_Review-g186338-d188040-Reviews-Florence_Nightingale_Museum-London_England.html,361
Haymarket Theatre Royal,/Attraction_Review-g186338-d240649-Reviews-Haymarket_Theatre_Royal-London_England.html,545
London Transport Museum,/Attraction_Review-g186338-d189048-Reviews-London_Transport_Museum-London_England.html,1752
Clink Prison Museum,/Attraction_Review-g186338-d211853-Reviews-Clink_Prison_Museum-London_England.html,1225
Cadogan Hall,/Attraction_Review-g186338-d2527680-Reviews-Cadogan_Hall-London_England.html,160
Mall Galleries,/Attraction_Review-g186338-d2642876-Reviews-Mall_Galleries-London_England.html,75
Russell Square,/Attraction_Review-g186338-d189225-Reviews-Russell_Square-London_England.html,306
St. Paul's Church (The Actors' Church),/Attraction_Review-g186338-d214632-Reviews-St_Paul_s_Church_The_Actors_Church-London_England.html,81
Admiralty Arch,/Attraction_Review-g186338-d519586-Reviews-Admiralty_Arch-London_England.html,159
Lyric Theatre London,/Attraction_Review-g186338-d2418966-Reviews-Lyric_Theatre_London-London_England.html,383
Keats House,/Attraction_Review-g186338-d194289-Reviews-Keats_House-London_England.html,94
Jermyn Street,/Attraction_Review-g186338-d187566-Reviews-Jermyn_Street-London_England.html,79
Wellington Arch,/Attraction_Review-g186338-d786199-Reviews-Wellington_Arch-London_England.html,393
Pimlico,/Attraction_Review-g186338-d188725-Reviews-Pimlico-London_England.html,51
Seven Dials,/Attraction_Review-g186338-d501024-Reviews-Seven_Dials-London_England.html,97
V&A Museum of Childhood,/Attraction_Review-g186338-d3494042-Reviews-V_A_Museum_of_Childhood-London_England.html,640
Library and Museum of Freemasonry,/Attraction_Review-g186338-d638487-Reviews-Library_and_Museum_of_Freemasonry-London_England.html,64
Albert Bridge,/Attraction_Review-g186338-d187589-Reviews-Albert_Bridge-London_England.html,49
Diana Princess of Wales Memorial Fountain,/Attraction_Review-g186338-d486877-Reviews-Diana_Princess_of_Wales_Memorial_Fountain-London_England.html,427
Piccadilly Craft Market,/Attraction_Review-g186338-d188133-Reviews-Piccadilly_Craft_Market-London_England.html,64
Earl's Court,/Attraction_Review-g186338-d188724-Reviews-Earl_s_Court-London_England.html,105
Winston Churchill Statue,/Attraction_Review-g186338-d6372912-Reviews-Winston_Churchill_Statue-London_England.html,91
Stamford Bridge,/Attraction_Review-g186338-d13090144-Reviews-Stamford_Bridge-London_England.html,32
Westfield Stratford City,/Attraction_Review-g186338-d2305139-Reviews-Westfield_Stratford_City-London_England.html,1253
St. James's Church,/Attraction_Review-g186338-d214629-Reviews-St_James_s_Church-London_England.html,70
Waterloo Bridge,/Attraction_Review-g186338-d187583-Reviews-Waterloo_Bridge-London_England.html,100
Fenton House,/Attraction_Review-g186338-d211887-Reviews-Fenton_House-London_England.html,111
Middle Temple Hall,/Attraction_Review-g186338-d214618-Reviews-Middle_Temple_Hall-London_England.html,67
Paddington Station,/Attraction_Review-g186338-d188722-Reviews-Paddington_Station-London_England.html,771
Hackney Empire,/Attraction_Review-g186338-d554114-Reviews-Hackney_Empire-London_England.html,129
Marylebone Farmers' Market,/Attraction_Review-g186338-d3138006-Reviews-Marylebone_Farmers_Market-London_England.html,21
Greenwich Foot Tunnel,/Attraction_Review-g186338-d1821177-Reviews-Greenwich_Foot_Tunnel-London_England.html,263
Peter Pan Statue,/Attraction_Review-g186338-d6749592-Reviews-Peter_Pan_Statue-London_England.html,55
Lyric Hammersmith,/Attraction_Review-g186338-d1627791-Reviews-Lyric_Hammersmith-London_England.html,106
Bridge Theatre,/Attraction_Review-g186338-d12988816-Reviews-Bridge_Theatre-London_England.html,81
Southbank Centre Food Markets,/Attraction_Review-g186338-d10533833-Reviews-Southbank_Centre_Food_Markets-London_England.html,53
Wimbledon Common,/Attraction_Review-g186338-d211748-Reviews-Wimbledon_Common-London_England.html,95
Jack the Ripper Museum,/Attraction_Review-g186338-d8638694-Reviews-Jack_the_Ripper_Museum-London_England.html,429
City of London Information Centre,/Attraction_Review-g186338-d548798-Reviews-City_of_London_Information_Centre-London_England.html,30
Kensington Palace,/Attraction_Review-g186338-d187550-Reviews-Kensington_Palace-London_England.html,3653
Golden Jubilee Bridges,/Attraction_Review-g186338-d7675847-Reviews-Golden_Jubilee_Bridges-London_England.html,75
Apple Market,/Attraction_Review-g186338-d188134-Reviews-Apple_Market-London_England.html,70
Kensington High Street,/Attraction_Review-g186338-d246023-Reviews-Kensington_High_Street-London_England.html,132
St. Clement Danes,/Attraction_Review-g186338-d215628-Reviews-St_Clement_Danes-London_England.html,84
Queen Elizabeth II Great Court,/Attraction_Review-g186338-d189261-Reviews-Queen_Elizabeth_II_Great_Court-London_England.html,28
The Crossness Pumping Station,/Attraction_Review-g186338-d6681084-Reviews-The_Crossness_Pumping_Station-London_England.html,54
Golders Hill Park,/Attraction_Review-g186338-d211599-Reviews-Golders_Hill_Park-London_England.html,72
Little Venice,/Attraction_Review-g186338-d189033-Reviews-Little_Venice-London_England.html,408
Young Vic,/Attraction_Review-g186338-d554121-Reviews-Young_Vic-London_England.html,150
Jubilee Gardens,/Attraction_Review-g186338-d6864891-Reviews-Jubilee_Gardens-London_England.html,53
Southbank Centre,/Attraction_Review-g186338-d195482-Reviews-Southbank_Centre-London_England.html,521
Hammersmith Apollo Theatre,/Attraction_Review-g186338-d1866281-Reviews-Hammersmith_Apollo_Theatre-London_England.html,654
National Army Museum,/Attraction_Review-g186338-d211904-Reviews-National_Army_Museum-London_England.html,349
Hatton Garden,/Attraction_Review-g186338-d522853-Reviews-Hatton_Garden-London_England.html,180
Chinatown,/Attraction_Review-g186338-d211804-Reviews-Chinatown-London_England.html,1094
Theatre Royal Stratford East,/Attraction_Review-g186338-d3738750-Reviews-Theatre_Royal_Stratford_East-London_England.html,94
Charing Cross Theatre,/Attraction_Review-g186338-d3671877-Reviews-Charing_Cross_Theatre-London_England.html,201
Playhouse Theatre,/Attraction_Review-g186338-d1654976-Reviews-Playhouse_Theatre-London_England.html,370
Ambassadors Theatre,/Attraction_Review-g186338-d7786237-Reviews-Ambassadors_Theatre-London_England.html,73
The Crystal,/Attraction_Review-g186338-d3600120-Reviews-The_Crystal-London_England.html,119
The Victoria Tower Gardens,/Attraction_Review-g186338-d2356422-Reviews-The_Victoria_Tower_Gardens-London_England.html,58
The Cartoon Museum,/Attraction_Review-g186338-d604448-Reviews-The_Cartoon_Museum-London_England.html,209
Winter Wonderland,/Attraction_Review-g186338-d5929776-Reviews-Winter_Wonderland-London_England.html,3444
Chiswick House,/Attraction_Review-g186338-d211573-Reviews-Chiswick_House-London_England.html,321
STAR WARS Identities at The O2,/Attraction_Review-g186338-d11879851-Reviews-STAR_WARS_Identities_at_The_O2-London_England.html,273
Blackfriars Bridge,/Attraction_Review-g186338-d187585-Reviews-Blackfriars_Bridge-London_England.html,66
Old Bailey,/Attraction_Review-g186338-d214620-Reviews-Old_Bailey-London_England.html,99
Street Feast Dalston Yard,/Attraction_Review-g186338-d6920975-Reviews-Street_Feast_Dalston_Yard-London_England.html,88
Southwark Playhouse,/Attraction_Review-g186338-d2536663-Reviews-Southwark_Playhouse-London_England.html,110
Hampstead Theatre,/Attraction_Review-g186338-d3836967-Reviews-Hampstead_Theatre-London_England.html,96
Marble Arch Theatre,/Attraction_Review-g186338-d12882744-Reviews-Marble_Arch_Theatre-London_England.html,360
Surrey Docks Farm,/Attraction_Review-g186338-d2187486-Reviews-Surrey_Docks_Farm-London_England.html,71
Women of World War II Memorial,/Attraction_Review-g186338-d5524050-Reviews-Women_of_World_War_II_Memorial-London_England.html,58
The Old Truman Brewery,/Attraction_Review-g186338-d1743882-Reviews-The_Old_Truman_Brewery-London_England.html,111
Donmar Warehouse,/Attraction_Review-g186338-d554113-Reviews-Donmar_Warehouse-London_England.html,110
Boadicea Monument,/Attraction_Review-g186338-d522820-Reviews-Boadicea_Monument-London_England.html,67
Vauxhall City Farm,/Attraction_Review-g186338-d4597208-Reviews-Vauxhall_City_Farm-London_England.html,58
Hill Garden & Pergola,/Attraction_Review-g186338-d6438561-Reviews-Hill_Garden_Pergola-London_England.html,40
ZSL London Zoo,/Attraction_Review-g186338-d187553-Reviews-ZSL_London_Zoo-London_England.html,5110
Baker Street,/Attraction_Review-g186338-d212404-Reviews-Baker_Street-London_England.html,155
Bishop's Park,/Attraction_Review-g186338-d548623-Reviews-Bishop_s_Park-London_England.html,55
Royal Festival Hall,/Attraction_Review-g186338-d548614-Reviews-Royal_Festival_Hall-London_England.html,578
Waterloo mainline station,/Attraction_Review-g186338-d5810707-Reviews-Waterloo_mainline_station-London_England.html,200
London Bridge,/Attraction_Review-g186338-d7914853-Reviews-London_Bridge-London_England.html,171
Bankside,/Attraction_Review-g186338-d246020-Reviews-Bankside-London_England.html,23
English National Ballet Nutcracker,/Attraction_Review-g186338-d5789104-Reviews-English_National_Ballet_Nutcracker-London_England.html,87
Almeida Theatre,/Attraction_Review-g186338-d554111-Reviews-Almeida_Theatre-London_England.html,118
London Stadium,/Attraction_Review-g186338-d3360714-Reviews-London_Stadium-London_England.html,1344
Cleopatra's Needle,/Attraction_Review-g186338-d548576-Reviews-Cleopatra_s_Needle-London_England.html,98
Tavistock Square,/Attraction_Review-g186338-d187731-Reviews-Tavistock_Square-London_England.html,54
BT Tower (The British Telecom Tower),/Attraction_Review-g186338-d8124226-Reviews-BT_Tower_The_British_Telecom_Tower-London_England.html,45
The Arts Theatre,/Attraction_Review-g186338-d3309607-Reviews-The_Arts_Theatre-London_England.html,326
Howling Hops,/Attraction_Review-g186338-d8532398-Reviews-Howling_Hops-London_England.html,51
Serpentine Boating Lake,/Attraction_Review-g186338-d7276062-Reviews-Serpentine_Boating_Lake-London_England.html,67
Soho Square,/Attraction_Review-g186338-d7906842-Reviews-Soho_Square-London_England.html,70
Kings Place,/Attraction_Review-g186338-d1718345-Reviews-Kings_Place-London_England.html,76
Battersea Park Children's Zoo,/Attraction_Review-g186338-d211807-Reviews-Battersea_Park_Children_s_Zoo-London_England.html,189
Palm Beach Casino,/Attraction_Review-g186338-d553737-Reviews-Palm_Beach_Casino-London_England.html,64
The Arch Climbing Wall,/Attraction_Review-g186338-d6482275-Reviews-The_Arch_Climbing_Wall-London_England.html,42
Charing Cross Road,/Attraction_Review-g186338-d215381-Reviews-Charing_Cross_Road-London_England.html,74
Lloyds of London,/Attraction_Review-g186338-d211792-Reviews-Lloyds_of_London-London_England.html,45
London Central Mosque,/Attraction_Review-g186338-d548675-Reviews-London_Central_Mosque-London_England.html,37
King's Head Theatre,/Attraction_Review-g186338-d2044946-Reviews-King_s_Head_Theatre-London_England.html,88
Parliament Hill Fields,/Attraction_Review-g186338-d548760-Reviews-Parliament_Hill_Fields-London_England.html,41
Fulham Palace,/Attraction_Review-g186338-d211888-Reviews-Fulham_Palace-London_England.html,93
Clissold Park,/Attraction_Review-g186338-d522840-Reviews-Clissold_Park-London_England.html,68
ExCeL London,/Attraction_Review-g186338-d632458-Reviews-ExCeL_London-London_England.html,685
Methodist Central Hall Westminster,/Attraction_Review-g186338-d3265687-Reviews-Methodist_Central_Hall_Westminster-London_England.html,79
Harvey Nichols,/Attraction_Review-g186338-d188902-Reviews-Harvey_Nichols-London_England.html,271
Fleet Street,/Attraction_Review-g186338-d215444-Reviews-Fleet_Street-London_England.html,68
Estorick Collection of Modern Italian Art,/Attraction_Review-g186338-d211587-Reviews-Estorick_Collection_of_Modern_Italian_Art-London_England.html,73
Kempton Park Racecourse,/Attraction_Review-g186338-d548609-Reviews-Kempton_Park_Racecourse-London_England.html,119
Photographers' Gallery,/Attraction_Review-g186338-d548758-Reviews-Photographers_Gallery-London_England.html,168
Painted Hall,/Attraction_Review-g186338-d12853762-Reviews-Painted_Hall-London_England.html,27
Saint Margaret's Church on Parliament Square,/Attraction_Review-g186338-d3205587-Reviews-Saint_Margaret_s_Church_on_Parliament_Square-London_England.html,50
Camden Passage,/Attraction_Review-g186338-d188128-Reviews-Camden_Passage-London_England.html,79
Chiswick House and Gardens,/Attraction_Review-g186338-d10215196-Reviews-Chiswick_House_and_Gardens-London_England.html,52
Fortune Theatre,/Attraction_Review-g186338-d2477669-Reviews-Fortune_Theatre-London_England.html,374
The Other Palace,/Attraction_Review-g186338-d12345647-Reviews-The_Other_Palace-London_England.html,50
"County Hall, London",/Attraction_Review-g186338-d215401-Reviews-County_Hall_London-London_England.html,73
Old St Pancras Church,/Attraction_Review-g186338-d7264255-Reviews-Old_St_Pancras_Church-London_England.html,37
The O2,/Attraction_Review-g186338-d1063660-Reviews-The_O2-London_England.html,3615
Hayman's Distillery,/Attraction_Review-g186338-d13796674-Reviews-Hayman_s_Distillery-London_England.html,26
Burgh House,/Attraction_Review-g186338-d214599-Reviews-Burgh_House-London_England.html,61
Clapham Common,/Attraction_Review-g186338-d2328627-Reviews-Clapham_Common-London_England.html,39
Deen City Farm,/Attraction_Review-g186338-d3419909-Reviews-Deen_City_Farm-London_England.html,60
Thames Barrier Park,/Attraction_Review-g186338-d1826194-Reviews-Thames_Barrier_Park-London_England.html,90
Sutton House,/Attraction_Review-g186338-d211726-Reviews-Sutton_House-London_England.html,67
Sloane Square,/Attraction_Review-g186338-d188041-Reviews-Sloane_Square-London_England.html,84
Ragged School Museum,/Attraction_Review-g186338-d211722-Reviews-Ragged_School_Museum-London_England.html,52
Lincoln's Inn,/Attraction_Review-g186338-d211612-Reviews-Lincoln_s_Inn-London_England.html,37
Statue of Eros (Anteros),/Attraction_Review-g186338-d211785-Reviews-Statue_of_Eros_Anteros-London_England.html,83
Whitecross Street Market,/Attraction_Review-g186338-d2094743-Reviews-Whitecross_Street_Market-London_England.html,87
DreamWork's Tours Shrek's Adventure! London,/Attraction_Review-g186338-d8380002-Reviews-DreamWork_s_Tours_Shrek_s_Adventure_London-London_England.html,2524
East London Mosque & London Muslim Centre,/Attraction_Review-g186338-d4552473-Reviews-East_London_Mosque_London_Muslim_Centre-London_England.html,30
The Rose Theatre,/Attraction_Review-g186338-d2415990-Reviews-The_Rose_Theatre-London_England.html,46
Dulwich Park,/Attraction_Review-g186338-d2407902-Reviews-Dulwich_Park-London_England.html,89
St. James's Palace,/Attraction_Review-g186338-d188127-Reviews-St_James_s_Palace-London_England.html,63
London Victoria Station,/Attraction_Review-g186338-d8388711-Reviews-London_Victoria_Station-London_England.html,222
Grosvenor Square,/Attraction_Review-g186338-d2368619-Reviews-Grosvenor_Square-London_England.html,51
Australian War Memorial,/Attraction_Review-g186338-d2322373-Reviews-Australian_War_Memorial-London_England.html,53
Adelphi Theatre,/Attraction_Review-g186338-d8609051-Reviews-Adelphi_Theatre-London_England.html,101
"Nunhead Cemetery, South London",/Attraction_Review-g186338-d7131976-Reviews-Nunhead_Cemetery_South_London-London_England.html,28
Krav Maga Self Defence,/Attraction_Review-g186338-d11871248-Reviews-Krav_Maga_Self_Defence-London_England.html,26
Paternoster Square,/Attraction_Review-g186338-d215613-Reviews-Paternoster_Square-London_England.html,71
Shaftesbury Avenue,/Attraction_Review-g186338-d215620-Reviews-Shaftesbury_Avenue-London_England.html,66
David Bowie Memorial,/Attraction_Review-g186338-d10053598-Reviews-David_Bowie_Memorial-London_England.html,27
Royal Geographical Society with IBG,/Attraction_Review-g186338-d8617336-Reviews-Royal_Geographical_Society_with_IBG-London_England.html,32
Discover Greenwich Visitor Centre,/Attraction_Review-g186338-d2255757-Reviews-Discover_Greenwich_Visitor_Centre-London_England.html,47
Shad Thames,/Attraction_Review-g186338-d6585879-Reviews-Shad_Thames-London_England.html,37
Sunday Up Market,/Attraction_Review-g186338-d3606712-Reviews-Sunday_Up_Market-London_England.html,40
Chelsea,/Attraction_Review-g186338-d187911-Reviews-Chelsea-London_England.html,91
Arcola Theatre,/Attraction_Review-g186338-d1218616-Reviews-Arcola_Theatre-London_England.html,48
Fashion and Textile Museum,/Attraction_Review-g186338-d211736-Reviews-Fashion_and_Textile_Museum-London_England.html,170
2 Willow Road,/Attraction_Review-g186338-d215367-Reviews-2_Willow_Road-London_England.html,73
London Transport Museum Depot,/Attraction_Review-g186338-d2619018-Reviews-London_Transport_Museum_Depot-London_England.html,70
Lincoln's Inn Fields,/Attraction_Review-g186338-d215530-Reviews-Lincoln_s_Inn_Fields-London_England.html,48
Savile Row,/Attraction_Review-g186338-d215619-Reviews-Savile_Row-London_England.html,33
Selhurst Park,/Attraction_Review-g186338-d2395029-Reviews-Selhurst_Park-London_England.html,123
Whistle Punks Urban Axe Throwing,/Attraction_Review-g186338-d10318701-Reviews-Whistle_Punks_Urban_Axe_Throwing-London_England.html,68
Crossbones Graveyard,/Attraction_Review-g186338-d2299942-Reviews-Crossbones_Graveyard-London_England.html,48
"Lumiere London 2018, 18-21 January, 17.30-22.30",/Attraction_Review-g186338-d10020591-Reviews-Lumiere_London_2018_18_21_January_17_30_22_30-London_England.html,49
The Thames Barrier,/Attraction_Review-g186338-d211786-Reviews-The_Thames_Barrier-London_England.html,140
St. Stephen Walbrook,/Attraction_Review-g186338-d188162-Reviews-St_Stephen_Walbrook-London_England.html,46
Platform 9 3/4,/Attraction_Review-g186338-d2350633-Reviews-Platform_9_3_4-London_England.html,254
Bankside Gallery,/Attraction_Review-g186338-d4878183-Reviews-Bankside_Gallery-London_England.html,36
Abney Park Cemetery,/Attraction_Review-g186338-d6560675-Reviews-Abney_Park_Cemetery-London_England.html,46
Mansion House of City of London,/Attraction_Review-g186338-d3847707-Reviews-Mansion_House_of_City_of_London-London_England.html,47
Millennium Mile,/Attraction_Review-g186338-d256936-Reviews-Millennium_Mile-London_England.html,16
Hammersmith,/Attraction_Review-g186338-d941806-Reviews-Hammersmith-London_England.html,75
Waterloo East Theatre,/Attraction_Review-g186338-d7798002-Reviews-Waterloo_East_Theatre-London_England.html,13
HQS Wellington,/Attraction_Review-g186338-d7788273-Reviews-HQS_Wellington-London_England.html,30
Above The Stag Theatre,/Attraction_Review-g186338-d10085626-Reviews-Above_The_Stag_Theatre-London_England.html,27
Lambeth Palace,/Attraction_Review-g186338-d545633-Reviews-Lambeth_Palace-London_England.html,46
St. Etheldreda's,/Attraction_Review-g186338-d214627-Reviews-St_Etheldreda_s-London_England.html,36
Bloomsbury,/Attraction_Review-g186338-d188023-Reviews-Bloomsbury-London_England.html,33
Strand,/Attraction_Review-g186338-d215629-Reviews-Strand-London_England.html,55
Sloane Street,/Attraction_Review-g186338-d188712-Reviews-Sloane_Street-London_England.html,37
The Cinema Museum,/Attraction_Review-g186338-d3188097-Reviews-The_Cinema_Museum-London_England.html,57
St. Mary-le-Bow,/Attraction_Review-g186338-d188160-Reviews-St_Mary_le_Bow-London_England.html,43
Whitechapel Gallery,/Attraction_Review-g186338-d531747-Reviews-Whitechapel_Gallery-London_England.html,140
Bunhill Fields,/Attraction_Review-g186338-d215370-Reviews-Bunhill_Fields-London_England.html,36
Beavertown Brewery,/Attraction_Review-g186338-d7390334-Reviews-Beavertown_Brewery-London_England.html,33
Roman Amphitheatre,/Attraction_Review-g186338-d5448106-Reviews-Roman_Amphitheatre-London_England.html,30
Halcyon Gallery,/Attraction_Review-g186338-d2491317-Reviews-Halcyon_Gallery-London_England.html,30
Christ Church Spitalfields,/Attraction_Review-g186338-d524212-Reviews-Christ_Church_Spitalfields-London_England.html,45
New Zealand Memorial,/Attraction_Review-g186338-d2366044-Reviews-New_Zealand_Memorial-London_England.html,35
Little Ben,/Attraction_Review-g186338-d909961-Reviews-Little_Ben-London_England.html,32
Trinity Hill Memorial,/Attraction_Review-g186338-d6984441-Reviews-Trinity_Hill_Memorial-London_England.html,38
Jamon Jamon Paella,/Attraction_Review-g186338-d6026888-Reviews-Jamon_Jamon_Paella-London_England.html,23
Cecil Court,/Attraction_Review-g186338-d260502-Reviews-Cecil_Court-London_England.html,46
575 Wandsworth Road,/Attraction_Review-g186338-d3965593-Reviews-575_Wandsworth_Road-London_England.html,32
St Paul's Church,/Attraction_Review-g186338-d1943754-Reviews-St_Paul_s_Church-London_England.html,11
London Wall,/Attraction_Review-g186338-d6384956-Reviews-London_Wall-London_England.html,53
Royal London Hospital Museum,/Attraction_Review-g186338-d2039266-Reviews-Royal_London_Hospital_Museum-London_England.html,40
Holborn,/Attraction_Review-g186338-d218011-Reviews-Holborn-London_England.html,41
Tower Hamlets Cemetery Park,/Attraction_Review-g186338-d1218624-Reviews-Tower_Hamlets_Cemetery_Park-London_England.html,42
Jermyn Street Theatre,/Attraction_Review-g186338-d4028585-Reviews-Jermyn_Street_Theatre-London_England.html,29
Kensal Green Cemetery,/Attraction_Review-g186338-d909723-Reviews-Kensal_Green_Cemetery-London_England.html,40
Waterlow Park,/Attraction_Review-g186338-d10697094-Reviews-Waterlow_Park-London_England.html,24
The Design Museum,/Attraction_Review-g186338-d10664838-Reviews-The_Design_Museum-London_England.html,524
Woolwich Ferry,/Attraction_Review-g186338-d8283373-Reviews-Woolwich_Ferry-London_England.html,52
Lee Valley Regional Park,/Attraction_Review-g186338-d211609-Reviews-Lee_Valley_Regional_Park-London_England.html,58
St. John's Wood,/Attraction_Review-g186338-d543332-Reviews-St_John_s_Wood-London_England.html,36
Brixton Windmill (Ashby's Mill),/Attraction_Review-g186338-d3398496-Reviews-Brixton_Windmill_Ashby_s_Mill-London_England.html,19
Sherlock Holmes Museum,/Attraction_Review-g186338-d211907-Reviews-Sherlock_Holmes_Museum-London_England.html,1505
City of London Police Museum,/Attraction_Review-g186338-d4802023-Reviews-City_of_London_Police_Museum-London_England.html,46
Acklam Village Market,/Attraction_Review-g186338-d3345954-Reviews-Acklam_Village_Market-London_England.html,33
Fourpure Brewing Co.,/Attraction_Review-g186338-d5962315-Reviews-Fourpure_Brewing_Co-London_England.html,28
St Pancras Parish Church,/Attraction_Review-g186338-d2414367-Reviews-St_Pancras_Parish_Church-London_England.html,35
The Who Shop,/Attraction_Review-g186338-d4571106-Reviews-The_Who_Shop-London_England.html,84
Everyman Cinemas Screen on the Green,/Attraction_Review-g186338-d2281526-Reviews-Everyman_Cinemas_Screen_on_the_Green-London_England.html,41
Battersea Power Station,/Attraction_Review-g186338-d548648-Reviews-Battersea_Power_Station-London_England.html,52
Park Lane,/Attraction_Review-g186338-d187565-Reviews-Park_Lane-London_England.html,51
RAF Museum Hendon,/Attraction_Review-g186338-d13411958-Reviews-RAF_Museum_Hendon-London_England.html,43
St. Magnus The Martyr,/Attraction_Review-g186338-d6556650-Reviews-St_Magnus_The_Martyr-London_England.html,41
Polka Theatre for Children,/Attraction_Review-g186338-d211719-Reviews-Polka_Theatre_for_Children-London_England.html,35
Billingsgate Roman Bath House,/Attraction_Review-g186338-d8643863-Reviews-Billingsgate_Roman_Bath_House-London_England.html,27
Angel,/Attraction_Review-g186338-d494458-Reviews-Angel-London_England.html,25
Peckham Rye Park,/Attraction_Review-g186338-d2024002-Reviews-Peckham_Rye_Park-London_England.html,27
Tricycle Theatre,/Attraction_Review-g186338-d554085-Reviews-Tricycle_Theatre-London_England.html,70
Spitalfields City Farm,/Attraction_Review-g186338-d6495752-Reviews-Spitalfields_City_Farm-London_England.html,32
Royal College of Physicians,/Attraction_Review-g186338-d10223958-Reviews-Royal_College_of_Physicians-London_England.html,26
Southwark Brewing Company,/Attraction_Review-g186338-d8567864-Reviews-Southwark_Brewing_Company-London_England.html,29
Exmouth Market,/Attraction_Review-g186338-d630716-Reviews-Exmouth_Market-London_England.html,46
Riverside Studios,/Attraction_Review-g186338-d554084-Reviews-Riverside_Studios-London_England.html,45
St. Margarets Church Westminster Abbey,/Attraction_Review-g186338-d10826282-Reviews-St_Margarets_Church_Westminster_Abbey-London_England.html,17
Barbican Gallery,/Attraction_Review-g186338-d187669-Reviews-Barbican_Gallery-London_England.html,44
Tower 42,/Attraction_Review-g186338-d6487686-Reviews-Tower_42-London_England.html,81
Lower Marsh Market,/Attraction_Review-g186338-d266997-Reviews-Lower_Marsh_Market-London_England.html,39
Gabriel's Wharf,/Attraction_Review-g186338-d3459941-Reviews-Gabriel_s_Wharf-London_England.html,49
Shakespeare Monument,/Attraction_Review-g186338-d6758084-Reviews-Shakespeare_Monument-London_England.html,32
VauxWall Climbing Centre,/Attraction_Review-g186338-d7217812-Reviews-VauxWall_Climbing_Centre-London_England.html,42
Blackheath,/Attraction_Review-g186338-d1952520-Reviews-Blackheath-London_England.html,65
Finsbury Park,/Attraction_Review-g186338-d6961528-Reviews-Finsbury_Park-London_England.html,34
SEA LIFE London Aquarium,/Attraction_Review-g186338-d187554-Reviews-SEA_LIFE_London_Aquarium-London_England.html,4598
Paul Smith Sale Shop,/Attraction_Review-g186338-d218657-Reviews-Paul_Smith_Sale_Shop-London_England.html,23
Royal Artillery Memorial,/Attraction_Review-g186338-d2342596-Reviews-Royal_Artillery_Memorial-London_England.html,31
London Fields Brewery,/Attraction_Review-g186338-d3354993-Reviews-London_Fields_Brewery-London_England.html,106
The London Pass,/Attraction_Review-g186338-d11768364-Reviews-The_London_Pass-London_England.html,313
Speakers' Corner,/Attraction_Review-g186338-d240651-Reviews-Speakers_Corner-London_England.html,171
Heron Tower,/Attraction_Review-g186338-d7166135-Reviews-Heron_Tower-London_England.html,33
Victoria Station Travel Information Centre,/Attraction_Review-g186338-d548616-Reviews-Victoria_Station_Travel_Information_Centre-London_England.html,63
Castle Climbing Centre,/Attraction_Review-g186338-d548650-Reviews-Castle_Climbing_Centre-London_England.html,45
The View Tube,/Attraction_Review-g186338-d2258876-Reviews-The_View_Tube-London_England.html,51
Chickenshed Theatre,/Attraction_Review-g186338-d8826887-Reviews-Chickenshed_Theatre-London_England.html,19
Brent Cross Shopping Centre,/Attraction_Review-g186338-d5321829-Reviews-Brent_Cross_Shopping_Centre-London_England.html,133
Brunel Museum,/Attraction_Review-g186338-d814116-Reviews-Brunel_Museum-London_England.html,177
Olympia London,/Attraction_Review-g186338-d548773-Reviews-Olympia_London-London_England.html,493
Buddhapadipa Temple,/Attraction_Review-g186338-d5566699-Reviews-Buddhapadipa_Temple-London_England.html,30
White Bear Theatre,/Attraction_Review-g186338-d8064971-Reviews-White_Bear_Theatre-London_England.html,34
Victoria Miro Gallery,/Attraction_Review-g186338-d188955-Reviews-Victoria_Miro_Gallery-London_England.html,25
Open Garden Squares Weekend,/Attraction_Review-g186338-d10020596-Reviews-Open_Garden_Squares_Weekend-London_England.html,30
All Souls Church,/Attraction_Review-g186338-d9718598-Reviews-All_Souls_Church-London_England.html,26
St Alfege Church,/Attraction_Review-g186338-d8669809-Reviews-St_Alfege_Church-London_England.html,26
Inner Temple,/Attraction_Review-g186338-d8695853-Reviews-Inner_Temple-London_England.html,22
Emery Walker Arts & Crafts house,/Attraction_Review-g186338-d1718394-Reviews-Emery_Walker_Arts_Crafts_house-London_England.html,17
Vestry House Museum,/Attraction_Review-g186338-d4041444-Reviews-Vestry_House_Museum-London_England.html,27
St Mary Abbots Church,/Attraction_Review-g186338-d8727586-Reviews-St_Mary_Abbots_Church-London_England.html,16
Bloomsbury Square,/Attraction_Review-g186338-d518711-Reviews-Bloomsbury_Square-London_England.html,37
Woolwich Foot Tunnel,/Attraction_Review-g186338-d6609445-Reviews-Woolwich_Foot_Tunnel-London_England.html,26
Alfies Antiques Market,/Attraction_Review-g186338-d633597-Reviews-Alfies_Antiques_Market-London_England.html,73
Tooting Bec Lido,/Attraction_Review-g186338-d3989601-Reviews-Tooting_Bec_Lido-London_England.html,48
Loftus Road Stadium,/Attraction_Review-g186338-d3922389-Reviews-Loftus_Road_Stadium-London_England.html,98
Bimber Distillery,/Attraction_Review-g186338-d10284689-Reviews-Bimber_Distillery-London_England.html,17
Old Compton Street,/Attraction_Review-g186338-d246026-Reviews-Old_Compton_Street-London_England.html,45
St. John's Smith Square,/Attraction_Review-g186338-d553745-Reviews-St_John_s_Smith_Square-London_England.html,61
Greenwich Theatre,/Attraction_Review-g186338-d7186720-Reviews-Greenwich_Theatre-London_England.html,39
Opera Holland Park,/Attraction_Review-g186338-d554109-Reviews-Opera_Holland_Park-London_England.html,43
Rich Mix,/Attraction_Review-g186338-d1718343-Reviews-Rich_Mix-London_England.html,47
Little Angel Theatre,/Attraction_Review-g186338-d214616-Reviews-Little_Angel_Theatre-London_England.html,29
Queen's Chapel of the Savoy,/Attraction_Review-g186338-d3957933-Reviews-Queen_s_Chapel_of_the_Savoy-London_England.html,25
Berkeley Square,/Attraction_Review-g186338-d7745602-Reviews-Berkeley_Square-London_England.html,24
Ealing,/Attraction_Review-g186338-d218010-Reviews-Ealing-London_England.html,40
Lambeth Bridge,/Attraction_Review-g186338-d187586-Reviews-Lambeth_Bridge-London_England.html,42
Wanstead Park,/Attraction_Review-g186338-d2704409-Reviews-Wanstead_Park-London_England.html,26
Hanwell Zoo,/Attraction_Review-g186338-d12952928-Reviews-Hanwell_Zoo-London_England.html,48
Stepney City Farm,/Attraction_Review-g186338-d3653209-Reviews-Stepney_City_Farm-London_England.html,47
Hayward Gallery,/Attraction_Review-g186338-d188858-Reviews-Hayward_Gallery-London_England.html,98
Nomadic Community Garden,/Attraction_Review-g186338-d11907380-Reviews-Nomadic_Community_Garden-London_England.html,12
London Fields Park,/Attraction_Review-g186338-d2316191-Reviews-London_Fields_Park-London_England.html,26
Saint Marylebone Parish Church,/Attraction_Review-g186338-d7808145-Reviews-Saint_Marylebone_Parish_Church-London_England.html,17
St Olave's Church,/Attraction_Review-g186338-d4227595-Reviews-St_Olave_s_Church-London_England.html,21
WIlliam Wallace Memorial,/Attraction_Review-g186338-d523093-Reviews-WIlliam_Wallace_Memorial-London_England.html,28
Royal Academy of Music Museum,/Attraction_Review-g186338-d3971635-Reviews-Royal_Academy_of_Music_Museum-London_England.html,24
Curzon Mayfair,/Attraction_Review-g186338-d553778-Reviews-Curzon_Mayfair-London_England.html,36
Paddington Waterside,/Attraction_Review-g186338-d2343577-Reviews-Paddington_Waterside-London_England.html,27
Coram's Fields,/Attraction_Review-g186338-d3356685-Reviews-Coram_s_Fields-London_England.html,66
White Cube Gallery,/Attraction_Review-g186338-d3700277-Reviews-White_Cube_Gallery-London_England.html,79
Saint Bartholomew's Hospital Museum,/Attraction_Review-g186338-d643768-Reviews-Saint_Bartholomew_s_Hospital_Museum-London_England.html,21
Streatham Common,/Attraction_Review-g186338-d211725-Reviews-Streatham_Common-London_England.html,29
Still Water Horse Head Statue,/Attraction_Review-g186338-d6750530-Reviews-Still_Water_Horse_Head_Statue-London_England.html,39
The Wild Card Brewery,/Attraction_Review-g186338-d7234788-Reviews-The_Wild_Card_Brewery-London_England.html,30
Christopher Wren's Temple Bar,/Attraction_Review-g186338-d6755414-Reviews-Christopher_Wren_s_Temple_Bar-London_England.html,21
Buxton Memorial Fountain,/Attraction_Review-g186338-d2229527-Reviews-Buxton_Memorial_Fountain-London_England.html,20
Piccadilly Arcade,/Attraction_Review-g186338-d8650793-Reviews-Piccadilly_Arcade-London_England.html,20
House of Illustration,/Attraction_Review-g186338-d6877332-Reviews-House_of_Illustration-London_England.html,67
Stephens House & Gardens,/Attraction_Review-g186338-d6653151-Reviews-Stephens_House_Gardens-London_England.html,21
Ranger's House,/Attraction_Review-g186338-d215616-Reviews-Ranger_s_House-London_England.html,34
Holy Trinity Brompton Church,/Attraction_Review-g186338-d4105820-Reviews-Holy_Trinity_Brompton_Church-London_England.html,27
Southwark Bridge,/Attraction_Review-g186338-d187584-Reviews-Southwark_Bridge-London_England.html,29
Trinity Buoy Wharf,/Attraction_Review-g186338-d3570370-Reviews-Trinity_Buoy_Wharf-London_England.html,41
Michelin House,/Attraction_Review-g186338-d8633807-Reviews-Michelin_House-London_England.html,12
Woodberry Wetlands,/Attraction_Review-g186338-d10292868-Reviews-Woodberry_Wetlands-London_England.html,18
The London Theatre,/Attraction_Review-g186338-d2613052-Reviews-The_London_Theatre-London_England.html,23
Duke of Wellington Statue,/Attraction_Review-g186338-d2342595-Reviews-Duke_of_Wellington_Statue-London_England.html,34
Hertford House,/Attraction_Review-g186338-d584287-Reviews-Hertford_House-London_England.html,14
Swiss Glockenspiel,/Attraction_Review-g186338-d5549614-Reviews-Swiss_Glockenspiel-London_England.html,35
Business Design Centre,/Attraction_Review-g186338-d1420000-Reviews-Business_Design_Centre-London_England.html,70
Piccadilly Theater,/Attraction_Review-g186338-d5308237-Reviews-Piccadilly_Theater-London_England.html,19
The Diana Princess of Wales Memorial Walk,/Attraction_Review-g186338-d189664-Reviews-The_Diana_Princess_of_Wales_Memorial_Walk-London_England.html,17
Royal Institute of British Architects,/Attraction_Review-g186338-d548739-Reviews-Royal_Institute_of_British_Architects-London_England.html,26
"The Meeting Place Statue, St. Pancras Station",/Attraction_Review-g186338-d10910717-Reviews-The_Meeting_Place_Statue_St_Pancras_Station-London_England.html,17
ISKCON-London,/Attraction_Review-g186338-d3370263-Reviews-ISKCON_London-London_England.html,21
Lloyd Park,/Attraction_Review-g186338-d211614-Reviews-Lloyd_Park-London_England.html,22
All Saints Margaret Street,/Attraction_Review-g186338-d3478369-Reviews-All_Saints_Margaret_Street-London_England.html,18
Holy Trinity Sloane Square,/Attraction_Review-g186338-d3312618-Reviews-Holy_Trinity_Sloane_Square-London_England.html,22
Peace Pagoda,/Attraction_Review-g186338-d8458255-Reviews-Peace_Pagoda-London_England.html,15
Discover Childrens Story Centre,/Attraction_Review-g186338-d5020209-Reviews-Discover_Children_s_Story_Centre-London_England.html,73
Museum of Happiness,/Attraction_Review-g186338-d10596128-Reviews-Museum_of_Happiness-London_England.html,30
Camley Street Natural Park,/Attraction_Review-g186338-d211761-Reviews-Camley_Street_Natural_Park-London_England.html,30
Brockley Jack Studio Theatre,/Attraction_Review-g186338-d2641367-Reviews-Brockley_Jack_Studio_Theatre-London_England.html,19
Bevis Marks Synagogue,/Attraction_Review-g186338-d187712-Reviews-Bevis_Marks_Synagogue-London_England.html,32
Royal Institution of Great Britain,/Attraction_Review-g186338-d211734-Reviews-Royal_Institution_of_Great_Britain-London_England.html,39
Copper Box Arena,/Attraction_Review-g186338-d5005489-Reviews-Copper_Box_Arena-London_England.html,65
"Ben Uri Gallery and Museum, London: Art, Identity, Migration",/Attraction_Review-g186338-d4458637-Reviews-Ben_Uri_Gallery_and_Museum_London_Art_Identity_Migration-London_England.html,19
Wellington Barracks,/Attraction_Review-g186338-d7084888-Reviews-Wellington_Barracks-London_England.html,28
Charles I Statue,/Attraction_Review-g186338-d187913-Reviews-Charles_I_Statue-London_England.html,33
National Firefighters Memorial,/Attraction_Review-g186338-d7282111-Reviews-National_Firefighters_Memorial-London_England.html,18
Essex Street Brewery,/Attraction_Review-g186338-d7901070-Reviews-Essex_Street_Brewery-London_England.html,21
Crimean War Memorial,/Attraction_Review-g186338-d8697155-Reviews-Crimean_War_Memorial-London_England.html,20
Temple Bar Memorial,/Attraction_Review-g186338-d6212760-Reviews-Temple_Bar_Memorial-London_England.html,23
Vertical Chill,/Attraction_Review-g186338-d3447097-Reviews-Vertical_Chill-London_England.html,24
Alexander Fleming Laboratory Museum,/Attraction_Review-g186338-d211757-Reviews-Alexander_Fleming_Laboratory_Museum-London_England.html,26
The Tabernacle,/Attraction_Review-g186338-d188543-Reviews-The_Tabernacle-London_England.html,32
Canada Place,/Attraction_Review-g186338-d522822-Reviews-Canada_Place-London_England.html,31
West Norwood Cemetery,/Attraction_Review-g186338-d2056182-Reviews-West_Norwood_Cemetery-London_England.html,19
St. Lawrence Jewry,/Attraction_Review-g186338-d4757853-Reviews-St_Lawrence_Jewry-London_England.html,21
Threadneedle Street,/Attraction_Review-g186338-d8415338-Reviews-Threadneedle_Street-London_England.html,22
Southwark Park,/Attraction_Review-g186338-d11862569-Reviews-Southwark_Park-London_England.html,15
Stoke Newington,/Attraction_Review-g186338-d2633432-Reviews-Stoke_Newington-London_England.html,34
The London Fire Brigade Museum,/Attraction_Review-g186338-d211731-Reviews-The_London_Fire_Brigade_Museum-London_England.html,35
Dalston Eastern Curve Garden,/Attraction_Review-g186338-d9820298-Reviews-Dalston_Eastern_Curve_Garden-London_England.html,24
Hyde Park Corner,/Attraction_Review-g186338-d10594347-Reviews-Hyde_Park_Corner-London_England.html,16
St James's Roman Catholic Church,/Attraction_Review-g186338-d3445646-Reviews-St_James_s_Roman_Catholic_Church-London_England.html,23
Wardour Street,/Attraction_Review-g186338-d215635-Reviews-Wardour_Street-London_England.html,27
Notting Hill Coronet,/Attraction_Review-g186338-d188542-Reviews-Notting_Hill_Coronet-London_England.html,17
Hackney City Farm,/Attraction_Review-g186338-d548799-Reviews-Hackney_City_Farm-London_England.html,61
Newham City Farm,/Attraction_Review-g186338-d2523979-Reviews-Newham_City_Farm-London_England.html,20
Hogarth's House,/Attraction_Review-g186338-d211605-Reviews-Hogarth_s_House-London_England.html,47
Old Hampstead Village,/Attraction_Review-g186338-d187732-Reviews-Old_Hampstead_Village-London_England.html,29
St. Mary le Strand,/Attraction_Review-g186338-d215627-Reviews-St_Mary_le_Strand-London_England.html,18
Crystal Palace Museum,/Attraction_Review-g186338-d288053-Reviews-Crystal_Palace_Museum-London_England.html,24
Tooting Common,/Attraction_Review-g186338-d8471292-Reviews-Tooting_Common-London_England.html,15
Clapham,/Attraction_Review-g186338-d297127-Reviews-Clapham-London_England.html,17
Ealing Broadway Shopping Centre,/Attraction_Review-g186338-d5973554-Reviews-Ealing_Broadway_Shopping_Centre-London_England.html,64
Notre Dame de France,/Attraction_Review-g186338-d8489557-Reviews-Notre_Dame_de_France-London_England.html,12
"Bargehouse, Oxo Tower Wharf",/Attraction_Review-g186338-d6856089-Reviews-Bargehouse_Oxo_Tower_Wharf-London_England.html,19
MCC Cricket Museum,/Attraction_Review-g186338-d211903-Reviews-MCC_Cricket_Museum-London_England.html,20
Canada Memorial,/Attraction_Review-g186338-d7149722-Reviews-Canada_Memorial-London_England.html,19
Maida Vale,/Attraction_Review-g186338-d187998-Reviews-Maida_Vale-London_England.html,18
Docklands,/Attraction_Review-g186338-d246021-Reviews-Docklands-London_England.html,18
High Holborn,/Attraction_Review-g186338-d548807-Reviews-High_Holborn-London_England.html,22
Garden Museum,/Attraction_Review-g186338-d211732-Reviews-Garden_Museum-London_England.html,177
Chelsea Bridge,/Attraction_Review-g186338-d187588-Reviews-Chelsea_Bridge-London_England.html,16
Burberry Factory Shop,/Attraction_Review-g186338-d11643887-Reviews-Burberry_Factory_Shop-London_England.html,24
Royal Victoria Dock and Bridge,/Attraction_Review-g186338-d2374338-Reviews-Royal_Victoria_Dock_and_Bridge-London_England.html,17
Jewel Tower,/Attraction_Review-g186338-d1584440-Reviews-Jewel_Tower-London_England.html,170
3 Savile Row,/Attraction_Review-g186338-d189039-Reviews-3_Savile_Row-London_England.html,19
Rivoli Ballroom,/Attraction_Review-g186338-d10284581-Reviews-Rivoli_Ballroom-London_England.html,13
Canary Wharf Tower,/Attraction_Review-g186338-d548612-Reviews-Canary_Wharf_Tower-London_England.html,27
Kennington Park,/Attraction_Review-g186338-d2328634-Reviews-Kennington_Park-London_England.html,21
Girl with a Dolphin Fountain,/Attraction_Review-g186338-d9835629-Reviews-Girl_with_a_Dolphin_Fountain-London_England.html,21
Walpole Park,/Attraction_Review-g186338-d3247524-Reviews-Walpole_Park-London_England.html,25
Greenwich Peninsula Ecology Park,/Attraction_Review-g186338-d3291984-Reviews-Greenwich_Peninsula_Ecology_Park-London_England.html,16
58 Gin,/Attraction_Review-g186338-d13414333-Reviews-58_Gin-London_England.html,13
Kindertransport-The Arrival Memorial,/Attraction_Review-g186338-d10906727-Reviews-Kindertransport_The_Arrival_Memorial-London_England.html,11
Brockwell Park Walled Garden,/Attraction_Review-g186338-d7137951-Reviews-Brockwell_Park_Walled_Garden-London_England.html,14
A Complete History of London Show,/Attraction_Review-g186338-d3916544-Reviews-A_Complete_History_of_London_Show-London_England.html,27
Migration Museum at The Workshop,/Attraction_Review-g186338-d13360351-Reviews-Migration_Museum_at_The_Workshop-London_England.html,11
ATP World Tour Finals,/Attraction_Review-g186338-d8820151-Reviews-ATP_World_Tour_Finals-London_England.html,20
Duke Of York Column,/Attraction_Review-g186338-d2299506-Reviews-Duke_Of_York_Column-London_England.html,43
St Patrick's Church,/Attraction_Review-g186338-d7695138-Reviews-St_Patrick_s_Church-London_England.html,18
Cable Street Mural,/Attraction_Review-g186338-d187715-Reviews-Cable_Street_Mural-London_England.html,14
Rolling Bridge,/Attraction_Review-g186338-d3356697-Reviews-Rolling_Bridge-London_England.html,21
St. George's Church,/Attraction_Review-g186338-d6154920-Reviews-St_George_s_Church-London_England.html,16
Street Food Union - Rupert Street SOHO,/Attraction_Review-g186338-d10217992-Reviews-Street_Food_Union_Rupert_Street_SOHO-London_England.html,12
St John's Gate,/Attraction_Review-g186338-d215626-Reviews-St_John_s_Gate-London_England.html,15
Pineapple Dance Studios,/Attraction_Review-g186338-d11621699-Reviews-Pineapple_Dance_Studios-London_England.html,15
Nelson Mandela Statue,/Attraction_Review-g186338-d10846706-Reviews-Nelson_Mandela_Statue-London_England.html,19
The Kernel Brewery,/Attraction_Review-g186338-d2049545-Reviews-The_Kernel_Brewery-London_England.html,35
Charlton House,/Attraction_Review-g186338-d8281474-Reviews-Charlton_House-London_England.html,17
King George VI Memorial,/Attraction_Review-g186338-d10050414-Reviews-King_George_VI_Memorial-London_England.html,18
Butler's Wharf,/Attraction_Review-g186338-d215372-Reviews-Butler_s_Wharf-London_England.html,17
Down Street,/Attraction_Review-g186338-d10731582-Reviews-Down_Street-London_England.html,13
East End,/Attraction_Review-g186338-d187717-Reviews-East_End-London_England.html,34
The Memorial Gates,/Attraction_Review-g186338-d1591176-Reviews-The_Memorial_Gates-London_England.html,21
Winchester Palace,/Attraction_Review-g186338-d8648171-Reviews-Winchester_Palace-London_England.html,27
New Beckton Park,/Attraction_Review-g186338-d6023980-Reviews-New_Beckton_Park-London_England.html,13
The Guild Church of ST Mary Aldermary,/Attraction_Review-g186338-d6542706-Reviews-The_Guild_Church_of_ST_Mary_Aldermary-London_England.html,11
Wandsworth Common,/Attraction_Review-g186338-d2494071-Reviews-Wandsworth_Common-London_England.html,12
Gift Horse on the Fourth Plinth,/Attraction_Review-g186338-d8122047-Reviews-Gift_Horse_on_the_Fourth_Plinth-London_England.html,18
Bethnal Green,/Attraction_Review-g186338-d2437653-Reviews-Bethnal_Green-London_England.html,20
Hackney Museum,/Attraction_Review-g186338-d8535384-Reviews-Hackney_Museum-London_England.html,11
Institute of Contemporary Arts,/Attraction_Review-g186338-d188860-Reviews-Institute_of_Contemporary_Arts-London_England.html,33
Finborough Theatre,/Attraction_Review-g186338-d6656897-Reviews-Finborough_Theatre-London_England.html,15
Honourable Artillery Company,/Attraction_Review-g186338-d8549864-Reviews-Honourable_Artillery_Company-London_England.html,14
Notting Hill Carnival,/Attraction_Review-g186338-d8820315-Reviews-Notting_Hill_Carnival-London_England.html,73
Paddington Street Garden,/Attraction_Review-g186338-d6376578-Reviews-Paddington_Street_Garden-London_England.html,12
Ravenscourt Park,/Attraction_Review-g186338-d8673797-Reviews-Ravenscourt_Park-London_England.html,13
Charlton Athletic Football Club,/Attraction_Review-g186338-d2266835-Reviews-Charlton_Athletic_Football_Club-London_England.html,64
Bridewell Theatre,/Attraction_Review-g186338-d6210950-Reviews-Bridewell_Theatre-London_England.html,15
Trinity House,/Attraction_Review-g186338-d8342764-Reviews-Trinity_House-London_England.html,11
Watts' Memorial,/Attraction_Review-g186338-d8464089-Reviews-Watts_Memorial-London_England.html,15
The House of St Barnabas,/Attraction_Review-g186338-d10528521-Reviews-The_House_of_St_Barnabas-London_England.html,26
Gordon Square,/Attraction_Review-g186338-d3199425-Reviews-Gordon_Square-London_England.html,14
I Can't Sing! - London Theatreland,/Attraction_Review-g186338-d6436888-Reviews-I_Can_t_Sing_London_Theatreland-London_England.html,57
The Faraday Museum,/Attraction_Review-g186338-d2706727-Reviews-The_Faraday_Museum-London_England.html,25
Wellington Monument (Achille's Statue),/Attraction_Review-g186338-d10820100-Reviews-Wellington_Monument_Achille_s_Statue-London_England.html,12
Festival Pier,/Attraction_Review-g186338-d807110-Reviews-Festival_Pier-London_England.html,16
Church of the Immaculate Conception,/Attraction_Review-g186338-d9861696-Reviews-Church_of_the_Immaculate_Conception-London_England.html,11
Old Red Lion Theatre,/Attraction_Review-g186338-d4281991-Reviews-Old_Red_Lion_Theatre-London_England.html,22
Bloomsbury Farmers Market,/Attraction_Review-g186338-d3139243-Reviews-Bloomsbury_Farmers_Market-London_England.html,19
Abraham Lincoln: The Man,/Attraction_Review-g186338-d10920113-Reviews-Abraham_Lincoln_The_Man-London_England.html,13
Island Gardens,/Attraction_Review-g186338-d548567-Reviews-Island_Gardens-London_England.html,16
Chelsea Old Church,/Attraction_Review-g186338-d8326768-Reviews-Chelsea_Old_Church-London_England.html,12
Hoxton Hall,/Attraction_Review-g186338-d11948769-Reviews-Hoxton_Hall-London_England.html,14
HM Treasury,/Attraction_Review-g186338-d7898296-Reviews-HM_Treasury-London_England.html,18
London Beer Lab,/Attraction_Review-g186338-d7099311-Reviews-London_Beer_Lab-London_England.html,14
Walthamstow Wetlands,/Attraction_Review-g186338-d13089307-Reviews-Walthamstow_Wetlands-London_England.html,23
Mahatma Gandhi Statue,/Attraction_Review-g186338-d10846550-Reviews-Mahatma_Gandhi_Statue-London_England.html,14
Aldwych Tube Station,/Attraction_Review-g186338-d7648043-Reviews-Aldwych_Tube_Station-London_England.html,20
Brown Hart Gardens,/Attraction_Review-g186338-d3309197-Reviews-Brown_Hart_Gardens-London_England.html,13
London Sewing Machine Museum,/Attraction_Review-g186338-d7060607-Reviews-London_Sewing_Machine_Museum-London_England.html,13
Virgin Trains,/Attraction_Review-g186338-d10463990-Reviews-Virgin_Trains-London_England.html,949
Berwick Street Market,/Attraction_Review-g186338-d189791-Reviews-Berwick_Street_Market-London_England.html,34
Grosvenor G Piccadilly Casino,/Attraction_Review-g186338-d5575352-Reviews-Grosvenor_G_Piccadilly_Casino-London_England.html,27
Joanna Rowsell's Gold Post Box - Cheam,/Attraction_Review-g186338-d5770687-Reviews-Joanna_Rowsell_s_Gold_Post_Box_Cheam-London_England.html,19
Gallions Reach Shopping Park,/Attraction_Review-g186338-d2705202-Reviews-Gallions_Reach_Shopping_Park-London_England.html,33
Kirkaldy Testing Museum,/Attraction_Review-g186338-d5454200-Reviews-Kirkaldy_Testing_Museum-London_England.html,13
Victoria Place,/Attraction_Review-g186338-d11697625-Reviews-Victoria_Place-London_England.html,13
Crystal Palace Food Market,/Attraction_Review-g186338-d7613032-Reviews-Crystal_Palace_Food_Market-London_England.html,14
Isle of Dogs,/Attraction_Review-g186338-d2645453-Reviews-Isle_of_Dogs-London_England.html,12
Agatha Christie Memorial,/Attraction_Review-g186338-d10281103-Reviews-Agatha_Christie_Memorial-London_England.html,12
The Bob Hope Theatre,/Attraction_Review-g186338-d3702464-Reviews-The_Bob_Hope_Theatre-London_England.html,17
St. Dunstan In The West,/Attraction_Review-g186338-d6603155-Reviews-St_Dunstan_In_The_West-London_England.html,12
Capital Ring,/Attraction_Review-g186338-d953258-Reviews-Capital_Ring-London_England.html,11
West India Docks,/Attraction_Review-g186338-d4724428-Reviews-West_India_Docks-London_England.html,12
Sicilian Avenue,/Attraction_Review-g186338-d6753199-Reviews-Sicilian_Avenue-London_England.html,16
Bush Theatre,/Attraction_Review-g186338-d2441183-Reviews-Bush_Theatre-London_England.html,17
City of London Cemetery and Crematorium,/Attraction_Review-g186338-d8028218-Reviews-City_of_London_Cemetery_and_Crematorium-London_England.html,11
Cardinal Place,/Attraction_Review-g186338-d593996-Reviews-Cardinal_Place-London_England.html,35
Wood Street Indoor Market,/Attraction_Review-g186338-d4374615-Reviews-Wood_Street_Indoor_Market-London_England.html,17
Urban Food Fest,/Attraction_Review-g186338-d8540342-Reviews-Urban_Food_Fest-London_England.html,27
St Helen's Bishopsgate Church,/Attraction_Review-g186338-d2545037-Reviews-St_Helen_s_Bishopsgate_Church-London_England.html,11
I Am the Greatest - Muhammad Ali at The O2,/Attraction_Review-g186338-d10390712-Reviews-I_Am_the_Greatest_Muhammad_Ali_at_The_O2-London_England.html,21
Robert Peel Statue,/Attraction_Review-g186338-d10846677-Reviews-Robert_Peel_Statue-London_England.html,13
Great Queen Street,/Attraction_Review-g186338-d3676531-Reviews-Great_Queen_Street-London_England.html,16
Jewel House,/Attraction_Review-g186338-d189045-Reviews-Jewel_House-London_England.html,14
Archbishop's Park,/Attraction_Review-g186338-d8507598-Reviews-Archbishop_s_Park-London_England.html,14
Boy David Memorial,/Attraction_Review-g186338-d2342585-Reviews-Boy_David_Memorial-London_England.html,14
55 Broadway,/Attraction_Review-g186338-d10458474-Reviews-55_Broadway-London_England.html,14
Grosvenor Casino St Giles,/Attraction_Review-g186338-d3831068-Reviews-Grosvenor_Casino_St_Giles-London_England.html,23
Fitzrovia Chapel,/Attraction_Review-g186338-d10191402-Reviews-Fitzrovia_Chapel-London_England.html,11
Gray's Inn,/Attraction_Review-g186338-d214611-Reviews-Gray_s_Inn-London_England.html,15
Gagosian Gallery,/Attraction_Review-g186338-d3208929-Reviews-Gagosian_Gallery-London_England.html,15
Jazz Cafe POSK,/Attraction_Review-g186338-d548763-Reviews-Jazz_Cafe_POSK-London_England.html,12
Highgate Wood,/Attraction_Review-g186338-d10060894-Reviews-Highgate_Wood-London_England.html,16
Equestrian Statue of George IV,/Attraction_Review-g186338-d7116698-Reviews-Equestrian_Statue_of_George_IV-London_England.html,14
Clocktower Market,/Attraction_Review-g186338-d2234295-Reviews-Clocktower_Market-London_England.html,18
St Giles-in-the-Fields Church,/Attraction_Review-g186338-d2148071-Reviews-St_Giles_in_the_Fields_Church-London_England.html,13
Greenwich Heritage Centre,/Attraction_Review-g186338-d3241830-Reviews-Greenwich_Heritage_Centre-London_England.html,11
Aveqia,/Attraction_Review-g186338-d4328279-Reviews-Aveqia-London_England.html,17
Kensington Square,/Attraction_Review-g186338-d187719-Reviews-Kensington_Square-London_England.html,12
Earl Haig Memorial,/Attraction_Review-g186338-d9856621-Reviews-Earl_Haig_Memorial-London_England.html,16
Aldwych Area,/Attraction_Review-g186338-d246019-Reviews-Aldwych_Area-London_England.html,14
The Guild Church of St. Margaret Pattens,/Attraction_Review-g186338-d6556435-Reviews-The_Guild_Church_of_St_Margaret_Pattens-London_England.html,12
Maryon Wilson Animal Park,/Attraction_Review-g186338-d3618785-Reviews-Maryon_Wilson_Animal_Park-London_England.html,14
Wimbledon Windmill Museum,/Attraction_Review-g186338-d3400093-Reviews-Wimbledon_Windmill_Museum-London_England.html,15
Southside House,/Attraction_Review-g186338-d4172020-Reviews-Southside_House-London_England.html,20
Chancery Lane,/Attraction_Review-g186338-d215378-Reviews-Chancery_Lane-London_England.html,24
Genting Casino Chinatown London,/Attraction_Review-g186338-d6684159-Reviews-Genting_Casino_Chinatown_London-London_England.html,17
Bruce Castle Museum,/Attraction_Review-g186338-d8590905-Reviews-Bruce_Castle_Museum-London_England.html,12
The Grosvenor Victoria Casino London,/Attraction_Review-g186338-d4578963-Reviews-The_Grosvenor_Victoria_Casino_London-London_England.html,62
Puppet Theatre Barge,/Attraction_Review-g186338-d211721-Reviews-Puppet_Theatre_Barge-London_England.html,18
Queen Elizabeth II Centre,/Attraction_Review-g186338-d10541133-Reviews-Queen_Elizabeth_II_Centre-London_England.html,14
Deptford Market,/Attraction_Review-g186338-d1943743-Reviews-Deptford_Market-London_England.html,15
Broadgate Ice Rink,/Attraction_Review-g186338-d548645-Reviews-Broadgate_Ice_Rink-London_England.html,21
The Drayton Arms Theatre,/Attraction_Review-g186338-d4481494-Reviews-The_Drayton_Arms_Theatre-London_England.html,11
Sambrook's Brewery,/Attraction_Review-g186338-d4501772-Reviews-Sambrook_s_Brewery-London_England.html,11
Chapel Street Market,/Attraction_Review-g186338-d211752-Reviews-Chapel_Street_Market-London_England.html,27
Mary Seacole Statue,/Attraction_Review-g186338-d11789070-Reviews-Mary_Seacole_Statue-London_England.html,12
St. Mary Woolnoth Church,/Attraction_Review-g186338-d5303043-Reviews-St_Mary_Woolnoth_Church-London_England.html,11
Tachbrook Market,/Attraction_Review-g186338-d8428449-Reviews-Tachbrook_Market-London_England.html,14
Highgate Bathing Pond,/Attraction_Review-g186338-d548813-Reviews-Highgate_Bathing_Pond-London_England.html,17
Grosvenor Casino Gloucester Road London,/Attraction_Review-g186338-d5798652-Reviews-Grosvenor_Casino_Gloucester_Road_London-London_England.html,13
Troxy,/Attraction_Review-g186338-d2527684-Reviews-Troxy-London_England.html,81
Brooks Farm,/Attraction_Review-g186338-d7201344-Reviews-Brooks_Farm-London_England.html,14
Burlington House,/Attraction_Review-g186338-d11380062-Reviews-Burlington_House-London_England.html,11
Lights of Soho,/Attraction_Review-g186338-d8564583-Reviews-Lights_of_Soho-London_England.html,24
UBREW,/Attraction_Review-g186338-d7987867-Reviews-UBREW-London_England.html,11
St George the Martyr,/Attraction_Review-g186338-d2481621-Reviews-St_George_the_Martyr-London_England.html,11
Cine Lumiere,/Attraction_Review-g186338-d188476-Reviews-Cine_Lumiere-London_England.html,16
Grays Antique Centre,/Attraction_Review-g186338-d633598-Reviews-Grays_Antique_Centre-London_England.html,31
The Bloomsbury Theatre,/Attraction_Review-g186338-d2408791-Reviews-The_Bloomsbury_Theatre-London_England.html,17
The Shaw Theatre,/Attraction_Review-g186338-d4700302-Reviews-The_Shaw_Theatre-London_England.html,18
Brunei Gallery,/Attraction_Review-g186338-d2142078-Reviews-Brunei_Gallery-London_England.html,12
"Strand Lane 'Roman' Bath, London",/Attraction_Review-g186338-d6123062-Reviews-Strand_Lane_Roman_Bath_London-London_England.html,24
Brent Reservoir (Welsh Harp) Canalside,/Attraction_Review-g186338-d4724337-Reviews-Brent_Reservoir_Welsh_Harp_Canalside-London_England.html,18
Lewisham Market,/Attraction_Review-g186338-d1947721-Reviews-Lewisham_Market-London_England.html,27
The Clockmakers' Museum,/Attraction_Review-g186338-d3971638-Reviews-The_Clockmakers_Museum-London_England.html,16
Gunnersbury Park and Museum,/Attraction_Review-g186338-d211602-Reviews-Gunnersbury_Park_and_Museum-London_England.html,25
South Norwood Lake and Grounds,/Attraction_Review-g186338-d10404042-Reviews-South_Norwood_Lake_and_Grounds-London_England.html,13
Taste of London,/Attraction_Review-g186338-d10020594-Reviews-Taste_of_London-London_England.html,40
South London Gallery,/Attraction_Review-g186338-d211724-Reviews-South_London_Gallery-London_England.html,17
Northcote Road Antiques Market,/Attraction_Review-g186338-d4227601-Reviews-Northcote_Road_Antiques_Market-London_England.html,16
ICA Cinema,/Attraction_Review-g186338-d553780-Reviews-ICA_Cinema-London_England.html,15
Vallebona,/Attraction_Review-g186338-d6695323-Reviews-Vallebona-London_England.html,17
Lauderdale House,/Attraction_Review-g186338-d3655715-Reviews-Lauderdale_House-London_England.html,20
The Sportsman Casino,/Attraction_Review-g186338-d12064569-Reviews-The_Sportsman_Casino-London_England.html,15
Matchroom Stadium,/Attraction_Review-g186338-d7162380-Reviews-Matchroom_Stadium-London_England.html,11
Herne Hill Market,/Attraction_Review-g186338-d8417608-Reviews-Herne_Hill_Market-London_England.html,16
Granary Square Kings Cross,/Attraction_Review-g186338-d10840015-Reviews-Granary_Square_Kings_Cross-London_England.html,13
Britain's Smallest Police Station,/Attraction_Review-g186338-d10594020-Reviews-Britain_s_Smallest_Police_Station-London_England.html,12
Lee Valley Ice Centre,/Attraction_Review-g186338-d3229301-Reviews-Lee_Valley_Ice_Centre-London_England.html,38
Savoy Tup,/Attraction_Review-g186338-d554110-Reviews-Savoy_Tup-London_England.html,18
St. Sepulchre Without Newgate Church,/Attraction_Review-g186338-d3646636-Reviews-St_Sepulchre_Without_Newgate_Church-London_England.html,13
Traffic Light Tree,/Attraction_Review-g186338-d11666834-Reviews-Traffic_Light_Tree-London_England.html,11
Genting Casino Cromwell Mint,/Attraction_Review-g186338-d7901023-Reviews-Genting_Casino_Cromwell_Mint-London_England.html,11
Ferny Hill Farm,/Attraction_Review-g186338-d2256750-Reviews-Ferny_Hill_Farm-London_England.html,37
Nespresso Boutique,/Attraction_Review-g186338-d6902922-Reviews-Nespresso_Boutique-London_England.html,47
Brook Green Market and Kitchen,/Attraction_Review-g186338-d8121442-Reviews-Brook_Green_Market_and_Kitchen-London_England.html,12
St Botolph's Aldgate,/Attraction_Review-g186338-d7692373-Reviews-St_Botolph_s_Aldgate-London_England.html,16
Merton Abbey Mills,/Attraction_Review-g186338-d10117139-Reviews-Merton_Abbey_Mills-London_England.html,20
Well Hall Pleasaunce,/Attraction_Review-g186338-d8669813-Reviews-Well_Hall_Pleasaunce-London_England.html,11
New Shepherd's Bush Market,/Attraction_Review-g186338-d3264584-Reviews-New_Shepherd_s_Bush_Market-London_England.html,39
Richmond Green,/Attraction_Review-g186338-d8446533-Reviews-Richmond_Green-London_England.html,11
Church Street,/Attraction_Review-g186338-d240719-Reviews-Church_Street-London_England.html,13
Tower of London Ice Rink & Eis Haus Ice bar.,/Attraction_Review-g186338-d11845010-Reviews-Tower_of_London_Ice_Rink_Eis_Haus_Ice_bar-London_England.html,26
Canada House,/Attraction_Review-g186338-d11670982-Reviews-Canada_House-London_England.html,14
Billingsgate,/Attraction_Review-g186338-d548622-Reviews-Billingsgate-London_England.html,11
Lee Valley Hockey and Tennis Centre,/Attraction_Review-g186338-d6758099-Reviews-Lee_Valley_Hockey_and_Tennis_Centre-London_England.html,15
Tooley Street,/Attraction_Review-g186338-d215633-Reviews-Tooley_Street-London_England.html,30
Oasis Sports Centre,/Attraction_Review-g186338-d548774-Reviews-Oasis_Sports_Centre-London_England.html,32
Whitechapel Road,/Attraction_Review-g186338-d215637-Reviews-Whitechapel_Road-London_England.html,21
Bow Street,/Attraction_Review-g186338-d215369-Reviews-Bow_Street-London_England.html,12
Howard Griffin Gallery,/Attraction_Review-g186338-d7824688-Reviews-Howard_Griffin_Gallery-London_England.html,12
West12 Shopping Centre,/Attraction_Review-g186338-d7797174-Reviews-West12_Shopping_Centre-London_England.html,20
Neal Street,/Attraction_Review-g186338-d246025-Reviews-Neal_Street-London_England.html,26
Belmont Children's Farm,/Attraction_Review-g186338-d4174172-Reviews-Belmont_Children_s_Farm-London_England.html,59
Empire Casino,/Attraction_Review-g186338-d1062111-Reviews-Empire_Casino-London_England.html,137
Plaza Premium Lounge T5 Departures,/Attraction_Review-g186338-d13969811-Reviews-Plaza_Premium_Lounge_T5_Departures-London_England.html,19
Church of St. Martin-within-Ludgate,/Attraction_Review-g186338-d6439099-Reviews-Church_of_St_Martin_within_Ludgate-London_England.html,11
Shoreditch Town Hall,/Attraction_Review-g186338-d9716515-Reviews-Shoreditch_Town_Hall-London_England.html,11
New Diorama Theatre,/Attraction_Review-g186338-d4161523-Reviews-New_Diorama_Theatre-London_England.html,15
Westway Sports & Fitness Centre,/Attraction_Review-g186338-d548676-Reviews-Westway_Sports_Fitness_Centre-London_England.html,13
Museum of Comedy,/Attraction_Review-g186338-d6697504-Reviews-Museum_of_Comedy-London_England.html,28
Whiteleys,/Attraction_Review-g186338-d240724-Reviews-Whiteleys-London_England.html,125
Kensington Leisure Centre,/Attraction_Review-g186338-d548793-Reviews-Kensington_Leisure_Centre-London_England.html,13
Downing Street,/Attraction_Review-g186338-d211787-Reviews-Downing_Street-London_England.html,520
Forge Music and Arts Venue,/Attraction_Review-g186338-d3641246-Reviews-Forge_Music_and_Arts_Venue-London_England.html,14
College of Arms,/Attraction_Review-g186338-d7805324-Reviews-College_of_Arms-London_England.html,11
Millbank Tower,/Attraction_Review-g186338-d3548499-Reviews-Millbank_Tower-London_England.html,43
UCL Art Museum,/Attraction_Review-g186338-d2068169-Reviews-UCL_Art_Museum-London_England.html,11
Kilburn,/Attraction_Review-g186338-d187999-Reviews-Kilburn-London_England.html,13
Smollenskys Bar,/Attraction_Review-g186338-d10689312-Reviews-Smollensky_s_Bar-London_England.html,11
"65 Queen's Gate, Baden-Powell House",/Attraction_Review-g186338-d211753-Reviews-65_Queen_s_Gate_Baden_Powell_House-London_England.html,32
Princess Diana/Dodi Fayed Memorial,/Attraction_Review-g186338-d194302-Reviews-Princess_Diana_Dodi_Fayed_Memorial-London_England.html,74
Bethnal Green Station,/Attraction_Review-g186338-d2639713-Reviews-Bethnal_Green_Station-London_England.html,12
The Greenwich Vintage Market,/Attraction_Review-g186338-d8824337-Reviews-The_Greenwich_Vintage_Market-London_England.html,15
Hahn/Cock Sculpture,/Attraction_Review-g186338-d6165327-Reviews-Hahn_Cock_Sculpture-London_England.html,13
Bramley's Big Adventure,/Attraction_Review-g186338-d210355-Reviews-Bramley_s_Big_Adventure-London_England.html,19
Nine Elms Sunday Market,/Attraction_Review-g186338-d8090216-Reviews-Nine_Elms_Sunday_Market-London_England.html,11
Petticoat Lane,/Attraction_Review-g186338-d187713-Reviews-Petticoat_Lane-London_England.html,201
Capital Car Boot Sale,/Attraction_Review-g186338-d2689879-Reviews-Capital_Car_Boot_Sale-London_England.html,32
Earls Court Exhibition Center,/Attraction_Review-g186338-d1418729-Reviews-Earls_Court_Exhibition_Center-London_England.html,149
Pancras Square Leisure Centre,/Attraction_Review-g186338-d7171066-Reviews-Pancras_Square_Leisure_Centre-London_England.html,16
Southeastern Railway,/Attraction_Review-g186338-d8692810-Reviews-Southeastern_Railway-London_England.html,41
Crystal Palace National Sports Centre,/Attraction_Review-g186338-d548615-Reviews-Crystal_Palace_National_Sports_Centre-London_England.html,38
Highbury Pool,/Attraction_Review-g186338-d548635-Reviews-Highbury_Pool-London_England.html,12
Waterfront Leisure Centre,/Attraction_Review-g186338-d211744-Reviews-Waterfront_Leisure_Centre-London_England.html,30
Queen Mother Sports Centre,/Attraction_Review-g186338-d548740-Reviews-Queen_Mother_Sports_Centre-London_England.html,26
Excess Baggage Company,/Attraction_Review-g186338-d10352332-Reviews-Excess_Baggage_Company-London_England.html,19
Jurassic Kingdom,/Attraction_Review-g186338-d12340074-Reviews-Jurassic_Kingdom-London_England.html,36
